DealerID,DealerName,DealerRegion
D001,Mary Simon,Alaska
D002,Nancy Mercado,Alabama
D003,Pamela King,South Carolina
D004,Elizabeth Ashley,Maryland
D005,Brian Cline,Colorado
D006,Alan Ramos,Indiana
D007,Rebekah Turner,Tennessee
D008,Jessica Schaefer,Ohio
D009,Brian Cline,Maryland
D010,Christopher Scott,Louisiana
D011,David Mullen,Texas
D012,Christopher Scott,Alabama
D013,Richard Rogers,Michigan
D014,Christopher Scott,Arizona
D015,Timothy Wheeler,South Carolina
D016,Pamela King,Nevada
D017,Pamela King,Minnesota
D018,Chris Johnson,Maine
D019,Dr. Diane Mccoy,Montana
D020,David Mullen,Hawaii
D021,Lisa Ward,Tennessee
D022,Chris Johnson,Wisconsin
D023,Kevin Chavez,Montana
D024,Brian Cline,California
D025,Donald Allen,New Hampshire
D026,Sharon Smith,Maryland
D027,Amy Peterson,New Jersey
D028,Michael Atkins,South Dakota
D029,Michael Atkins,Michigan
D030,Kevin Chavez,West Virginia
D031,Joshua Morales,New York
D032,Melanie Pham,Mississippi
D033,Chad Turner,New Mexico
D034,Pamela King,New York
D035,Jill Jones,Wyoming
D036,Sharon Smith,New Jersey
D037,Brian Cline,Ohio
D038,Donald Allen,New York
D039,Joshua Morales,Kentucky
D040,Henry Brown,Georgia
D041,Alan Ramos,Mississippi
D042,Timothy Wheeler,Connecticut
D043,David Mullen,Pennsylvania
D044,David Hernandez,Nebraska
D045,Chad Turner,Wyoming
D046,Jennifer Miller,California
D047,Melanie Pham,Michigan
D048,David Hernandez,North Dakota
D049,Lori Jacobs,California
D050,Sharon Smith,Maine
D051,Melanie Pham,Pennsylvania
D052,Mary Simon,Connecticut
D053,Eileen Callahan,Iowa
D054,Donald Allen,West Virginia
D055,Lynn Jenkins,South Carolina
D056,Darius Martin,New Mexico
D057,Jennifer Miller,Iowa
D058,Elizabeth Ashley,Arkansas
D059,Thomas Morrow,Wyoming
D060,Rebekah Turner,Ohio
D061,Joshua Morales,Colorado
D062,Nancy Mercado,Minnesota
D063,Mary Simon,New Hampshire
D064,Chad Turner,West Virginia
D065,Christopher Scott,Alaska
D066,Jill Jones,Georgia
D067,Jill Jones,Florida
D068,Donald Allen,North Carolina
D069,Donna Gallagher,New Hampshire
D070,Erin Gomez,Kentucky
D071,Erin Gomez,Florida
D072,Jill Jones,Oregon
D073,Meagan Taylor,Michigan
D074,Samantha Cooper,South Dakota
D075,Matthew Gross,Kentucky
D076,Erik Howe,Utah
D077,Rebekah Turner,Rhode Island
D078,Samantha Cooper,Ohio
D079,Rose Le,North Carolina
D080,Lori Jacobs,Texas
D081,Chris Johnson,Oklahoma
D082,William Jones,Pennsylvania
D083,Rose Le,Oregon
D084,Benjamin Beck,Iowa
D085,Amy Peterson,Kansas
D086,David Hernandez,North Carolina
D087,Dr. Diane Mccoy,Tennessee
D088,Sharon Smith,Iowa
D089,Melanie Pham,California
D090,Michael Atkins,Nevada
D091,Lori Jacobs,Minnesota
D092,Rebecca Smith,Tennessee
D093,Alan Ramos,Ohio
D094,Chad Turner,Louisiana
D095,Michael Atkins,New Jersey
D096,Chris Johnson,Illinois
D097,Lisa Ward,Virginia
D098,Jill Jones,Indiana
D099,William Jones,Ohio
D100,Melanie Pham,Alaska
D101,Joshua Morales,Massachusetts
D102,Cheryl Flores,New Mexico
D103,Lynn Jenkins,Colorado
D104,Cheryl Flores,Wisconsin
D105,Jennifer Miller,Maine
D106,Robin Cantrell,Nevada
D107,Rebecca Smith,Vermont
D108,Lynn Jenkins,West Virginia
D109,Jill Jones,New Mexico
D110,Victor Flores,Nevada
D111,David Hernandez,West Virginia
D112,Erin Gomez,North Dakota
D113,Joshua Morales,South Carolina
D114,Lori Jacobs,Iowa
D115,Raymond Macias,California
D116,Brian Cline,Tennessee
D117,Lynn Jenkins,Mississippi
D118,Eileen Callahan,Montana
D119,Elizabeth Ashley,South Dakota
D120,Melanie Pham,New Jersey
D121,Alan Ramos,Colorado
D122,Thomas Morrow,Connecticut
D123,Erin Gomez,Arizona
D124,David Mullen,Missouri
D125,Mary Simon,Oregon
D126,Thomas Morrow,New York
D127,Rebecca Smith,Ohio
D128,Rebecca Smith,South Carolina
D129,Lisa Ward,Kentucky
D130,Pamela King,Louisiana
D131,Pamela King,Michigan
D132,Raymond Macias,Rhode Island
D133,Chad Turner,Washington
D134,Lisa Ward,Rhode Island
D135,David Mullen,South Carolina
D136,Kevin Chavez,Missouri
D137,Samantha Cooper,Kentucky
D138,Donna Gallagher,Michigan
D139,Donna Gallagher,Hawaii
D140,Elizabeth Ashley,Maine
D141,Melanie Pham,South Dakota
D142,Eileen Callahan,Tennessee
D143,Rose Le,California
D144,Erin Gomez,Nebraska
D145,Donna Gallagher,Missouri
D146,Brian Cline,Wyoming
D147,David Hernandez,Delaware
D148,Donald Allen,Oklahoma
D149,Amy Peterson,Texas
D150,Cheryl Flores,Florida
D151,Robin Cantrell,South Dakota
D152,Donna Gallagher,South Carolina
D153,Cheryl Flores,Virginia
D154,Erin Gomez,Idaho
D155,Lisa Ward,Wisconsin
D156,Benjamin Beck,Colorado
D157,Eileen Callahan,Kentucky
D158,Darius Martin,North Carolina
D159,Angela Brown,North Dakota
D160,David Mullen,Kentucky
D161,Rose Le,Wisconsin
D162,Donald Allen,Utah
D163,Timothy Wheeler,Maine
D164,Thomas Morrow,Arkansas
D165,Kevin Chavez,Vermont
D166,Lori Jacobs,South Carolina
D167,Angela Brown,Kentucky
D168,Pamela King,Florida
D169,Chad Turner,North Dakota
D170,William Jones,Idaho
D171,Richard Rogers,Oklahoma
D172,Brian Cline,New Mexico
D173,Raymond Macias,Indiana
D174,David Hernandez,Hawaii
D175,Donald Allen,California
D176,Pamela King,Kentucky
D177,Rose Le,Washington
D178,Rebekah Turner,Alaska
D179,Samantha Cooper,South Carolina
D180,Elizabeth Ashley,Hawaii
D181,Dr. Diane Mccoy,New York
D182,Rebekah Turner,Michigan
D183,David Hernandez,New Hampshire
D184,Lisa Ward,Mississippi
D185,Alan Ramos,Delaware
D186,Raymond Macias,Mississippi
D187,Lynn Jenkins,Oregon
D188,Rose Le,Alabama
D189,Michael Atkins,Rhode Island
D190,Thomas Morrow,California
D191,Meagan Taylor,Florida
D192,Darius Martin,Wisconsin
D193,Raymond Macias,Oregon
D194,Jill Jones,Tennessee
D195,Karen Kelly,Idaho
D196,Kyle Lyons,Idaho
D197,Michael Atkins,Utah
D198,Darius Martin,North Dakota
D199,Dr. Diane Mccoy,Maine
D200,Jennifer Miller,Delaware
D201,Joshua Morales,Kansas
D202,William Jones,Wyoming
D203,Rebecca Smith,Michigan
D204,Rebekah Turner,Idaho
D205,Karen Kelly,Connecticut
D206,Amy Peterson,Nevada
D207,Kevin Chavez,Oregon
D208,Victor Flores,Iowa
D209,Henry Brown,Arkansas
D210,Melanie Pham,Utah
D211,Melanie Pham,Nevada
D212,Richard Rogers,Wisconsin
D213,Jessica Schaefer,Utah
D214,Lynn Jenkins,Wyoming
D215,David Hernandez,South Carolina
D216,Ralph Dunn,Wisconsin
D217,Darius Martin,Maine
D218,Jill Jones,Kansas
D219,David Mullen,Arizona
D220,David Hernandez,Alabama
D221,Chris Johnson,North Dakota
D222,Elizabeth Ashley,Alaska
D223,Kevin Chavez,Wisconsin
D224,Angela Brown,Alaska
D225,William Jones,Michigan
D226,Samantha Cooper,Indiana
D227,Melanie Pham,Massachusetts
D228,Eileen Callahan,Wisconsin
D229,Amy Peterson,Utah
D230,Rebekah Turner,Iowa
D231,Samantha Cooper,Virginia
D232,Rebekah Turner,Arizona
D233,Darius Martin,Connecticut
D234,Rose Le,Tennessee
D235,Angela Brown,Arkansas
D236,Ralph Dunn,North Dakota
D237,Elizabeth Ashley,Rhode Island
D238,Angela Brown,Louisiana
D239,Cheryl Flores,New Hampshire
D240,Nancy Mercado,North Dakota
D241,Timothy Wheeler,Texas
D242,Kyle Lyons,New Mexico
D243,Joshua Morales,Ohio
D244,Darius Martin,Iowa
D245,Joshua Morales,West Virginia
D246,Kevin Chavez,Colorado
D247,Mary Simon,West Virginia
D248,Richard Rogers,Kentucky
D249,Pamela King,Arizona
D250,Donald Allen,Tennessee
D251,Angela Brown,Mississippi
D252,Raymond Macias,Arizona
D253,Joshua Morales,Alabama
D254,Rebecca Smith,California
D255,Amy Peterson,Maryland
D256,Pamela King,Delaware
D257,Darius Martin,Vermont
D258,Donna Gallagher,Florida
D259,Chad Turner,Wisconsin
D260,Darius Martin,Delaware
D261,Donald Allen,Kentucky
D262,Matthew Gross,New Hampshire
D263,Karen Kelly,North Carolina
D264,Matthew Gross,Arizona
D265,Nancy Mercado,Wyoming
D266,Donna Gallagher,Alabama
D267,Lisa Ward,Illinois
D268,Timothy Wheeler,Georgia
D269,Jessica Schaefer,Kentucky
D270,Eileen Callahan,New Mexico
D271,Chris Johnson,California
D272,Pamela King,Utah
D273,David Mullen,Florida
D274,Amy Peterson,Massachusetts
D275,Erik Howe,Alaska
D276,Donna Gallagher,Kentucky
D277,Angela Brown,Nevada
D278,Karen Kelly,Michigan
D279,Pamela King,Virginia
D280,Dr. Diane Mccoy,Colorado
D281,Chris Johnson,New Hampshire
D282,Alan Ramos,Kansas
D283,Chris Johnson,South Carolina
D284,Jessica Schaefer,Maine
D285,Alan Ramos,Iowa
D286,Jennifer Miller,New Jersey
D287,Robin Cantrell,Indiana
D288,Rebekah Turner,Maryland
D289,Ralph Dunn,Ohio
D290,Karen Kelly,Wisconsin
D291,Sharon Smith,Virginia
D292,Amy Peterson,Idaho
D293,Eileen Callahan,Nebraska
D294,Henry Brown,California
D295,Pamela King,Missouri
D296,Mary Simon,Wisconsin
D297,Ralph Dunn,New York
D298,Michael Atkins,Pennsylvania
D299,Ralph Dunn,Delaware
D300,Michael Atkins,Illinois
D301,Rebecca Smith,Illinois
D302,Dr. Diane Mccoy,North Dakota
D303,Thomas Morrow,Minnesota
D304,Raymond Macias,Connecticut
D305,Cheryl Flores,South Carolina
D306,Ralph Dunn,Alaska
D307,Jill Jones,Minnesota
D308,Amy Peterson,Maine
D309,Chris Johnson,New Jersey
D310,Chad Turner,Oregon
D311,Darius Martin,New Jersey
D312,Chad Turner,Alaska
D313,Rebecca Smith,Arkansas
D314,David Hernandez,Alaska
D315,William Jones,Wisconsin
D316,Sharon Smith,Ohio
D317,Alan Ramos,Illinois
D318,Robin Cantrell,New Hampshire
D319,Eileen Callahan,Arkansas
D320,Donald Allen,Connecticut
D321,Karen Kelly,Oregon
D322,Jennifer Miller,Arkansas
D323,Darius Martin,Massachusetts
D324,Amy Peterson,Oklahoma
D325,Mary Simon,Idaho
D326,Chad Turner,Missouri
D327,Donald Allen,New Jersey
D328,Kyle Lyons,Nevada
D329,Matthew Gross,Kansas
D330,David Mullen,Maine
D331,Brian Cline,Nevada
D332,Erin Gomez,Wyoming
D333,Sharon Smith,South Dakota
D334,Raymond Macias,New Mexico
D335,Victor Flores,Connecticut
D336,Donald Allen,Alaska
D337,Melanie Pham,Idaho
D338,Melanie Pham,Missouri
D339,Lynn Jenkins,Minnesota
D340,Thomas Morrow,Maine
D341,Matthew Gross,Louisiana
D342,Timothy Wheeler,Massachusetts
D343,David Hernandez,Illinois
D344,Meagan Taylor,Minnesota
D345,Robin Cantrell,Texas
D346,David Hernandez,Maryland
D347,Nancy Mercado,Hawaii
D348,Christopher Scott,Delaware
D349,Meagan Taylor,Idaho
D350,Henry Brown,Alaska
D351,Chad Turner,Maine
D352,Christopher Scott,Maryland
D353,David Mullen,Utah
D354,Alan Ramos,Connecticut
D355,Henry Brown,Delaware
D356,Richard Rogers,South Carolina
D357,Lisa Ward,Washington
D358,Joshua Morales,Alaska
D359,Sharon Smith,Nebraska
D360,Kyle Lyons,Maine
D361,Matthew Gross,South Carolina
D362,Amy Peterson,Michigan
D363,Erik Howe,Rhode Island
D364,Lynn Jenkins,Michigan
D365,Benjamin Beck,Vermont
D366,Lisa Ward,Maryland
D367,Sharon Smith,Missouri
D368,Samantha Cooper,Arizona
D369,Jennifer Miller,Montana
D370,Michael Atkins,Iowa
D371,Nancy Mercado,Florida
D372,David Mullen,Louisiana
D373,Richard Rogers,West Virginia
D374,Rebekah Turner,South Dakota
D375,Elizabeth Ashley,Arizona
D376,Matthew Gross,New York
D377,Eileen Callahan,Ohio
D378,Alan Ramos,Alaska
D379,Mary Simon,Minnesota
D380,Alan Ramos,South Carolina
D381,Timothy Wheeler,Maryland
D382,Darius Martin,New Hampshire
D383,Robin Cantrell,Kansas
D384,Erik Howe,Florida
D385,Michael Atkins,Kansas
D386,Meagan Taylor,Hawaii
D387,William Jones,Vermont
D388,Jessica Schaefer,Idaho
D389,Pamela King,Washington
D390,Henry Brown,New Mexico
D391,Mary Simon,Oklahoma
D392,Rebecca Smith,Wyoming
D393,Meagan Taylor,Texas
D394,Lynn Jenkins,Texas
D395,Michael Atkins,Oregon
D396,Erin Gomez,Massachusetts
D397,David Mullen,New York
D398,Richard Rogers,Florida
D399,Melanie Pham,Maryland
D400,Eileen Callahan,Florida
D401,David Mullen,South Dakota
D402,David Hernandez,Arkansas
D403,Lori Jacobs,Vermont
D404,Jessica Schaefer,South Dakota
D405,Dr. Diane Mccoy,Oklahoma
D406,Lori Jacobs,Kentucky
D407,Donna Gallagher,New Jersey
D408,Melanie Pham,North Dakota
D409,Rose Le,Vermont
D410,Lori Jacobs,Hawaii
D411,Jessica Schaefer,New Hampshire
D412,Donna Gallagher,Georgia
D413,Benjamin Beck,Kentucky
D414,Thomas Morrow,Nevada
D415,Jennifer Miller,Massachusetts
D416,Meagan Taylor,Kansas
D417,Timothy Wheeler,West Virginia
D418,Joshua Morales,Tennessee
D419,Jennifer Miller,Michigan
D420,Darius Martin,Arizona
D421,William Jones,New York
D422,Raymond Macias,Louisiana
D423,David Hernandez,Oregon
D424,Cheryl Flores,North Dakota
D425,Elizabeth Ashley,Illinois
D426,Erik Howe,Colorado
D427,Benjamin Beck,Texas
D428,Karen Kelly,Kansas
D429,Jill Jones,Texas
D430,Christopher Scott,Rhode Island
D431,Rebekah Turner,California
D432,Thomas Morrow,Vermont
D433,Angela Brown,Colorado
D434,Amy Peterson,Ohio
D435,Elizabeth Ashley,Wisconsin
D436,Donna Gallagher,Nevada
D437,Nancy Mercado,West Virginia
D438,Dr. Diane Mccoy,Massachusetts
D439,Meagan Taylor,Mississippi
D440,Cheryl Flores,Missouri
D441,Pamela King,Connecticut
D442,Raymond Macias,Minnesota
D443,Lynn Jenkins,Iowa
D444,David Hernandez,California
D445,Donald Allen,Nebraska
D446,Amy Peterson,Iowa
D447,Samantha Cooper,Pennsylvania
D448,Donna Gallagher,Illinois
D449,Elizabeth Ashley,New Jersey
D450,Chad Turner,Pennsylvania
D451,Rose Le,Maine
D452,Alan Ramos,Washington
D453,Mary Simon,Nebraska
D454,Nancy Mercado,Maryland
D455,Jessica Schaefer,Florida
D456,Matthew Gross,Nebraska
D457,Thomas Morrow,Washington
D458,Elizabeth Ashley,Delaware
D459,Angela Brown,Maryland
D460,Brian Cline,New York
D461,David Hernandez,Pennsylvania
D462,Kevin Chavez,North Carolina
D463,Michael Atkins,Maine
D464,Chad Turner,New York
D465,Erin Gomez,South Carolina
D466,Dr. Diane Mccoy,Nebraska
D467,Chad Turner,Illinois
D468,Eileen Callahan,Alabama
D469,Christopher Scott,New York
D470,Karen Kelly,Wyoming
D471,Jill Jones,North Dakota
D472,Karen Kelly,Massachusetts
D473,Henry Brown,Iowa
D474,Donald Allen,South Dakota
D475,Elizabeth Ashley,Ohio
D476,Kevin Chavez,South Dakota
D477,Alan Ramos,Utah
D478,Henry Brown,West Virginia
D479,Joshua Morales,Georgia
D480,Samantha Cooper,Idaho
D481,Rebekah Turner,West Virginia
D482,Meagan Taylor,Iowa
D483,Sharon Smith,New Hampshire
D484,Lisa Ward,West Virginia
D485,Christopher Scott,Utah
D486,Meagan Taylor,Delaware
D487,Pamela King,Oregon
D488,Henry Brown,Missouri
D489,Benjamin Beck,Idaho
D490,Ralph Dunn,Idaho
D491,Chris Johnson,Ohio
D492,Thomas Morrow,New Mexico
D493,Pamela King,Vermont
D494,Meagan Taylor,Indiana
D495,Michael Atkins,Massachusetts
D496,Donald Allen,Florida
D497,Elizabeth Ashley,Oklahoma
D498,Dr. Diane Mccoy,Idaho
D499,Ralph Dunn,Indiana
D500,Donald Allen,Colorado
D501,Jennifer Miller,Alabama
D502,Rebekah Turner,Montana
D503,Elizabeth Ashley,California
D504,Amy Peterson,Minnesota
D505,Donna Gallagher,North Carolina
D506,Karen Kelly,Maryland
D507,Thomas Morrow,Oklahoma
D508,Lisa Ward,North Dakota
D509,Rebekah Turner,Oklahoma
D510,Richard Rogers,Idaho
D511,Elizabeth Ashley,Wyoming
D512,Lisa Ward,Colorado
D513,Brian Cline,Vermont
D514,Chris Johnson,Wyoming
D515,Lisa Ward,North Carolina
D516,Kyle Lyons,Alabama
D517,Meagan Taylor,Massachusetts
D518,Chris Johnson,Washington
D519,Chris Johnson,Vermont
D520,Christopher Scott,New Jersey
D521,Rose Le,Utah
D522,Nancy Mercado,Iowa
D523,Karen Kelly,Mississippi
D524,Richard Rogers,Georgia
D525,Eileen Callahan,Michigan
D526,Darius Martin,Tennessee
D527,Thomas Morrow,Illinois
D528,Jill Jones,South Carolina
D529,William Jones,New Mexico
D530,Raymond Macias,Utah
D531,Jill Jones,Hawaii
D532,Chris Johnson,Indiana
D533,Brian Cline,Massachusetts
D534,William Jones,South Dakota
D535,Raymond Macias,Montana
D536,Alan Ramos,Montana
D537,Rebekah Turner,Wyoming
D538,Donald Allen,Michigan
D539,Ralph Dunn,Hawaii
D540,Donald Allen,Alabama
D541,Alan Ramos,Virginia
D542,Mary Simon,Arizona
D543,Benjamin Beck,New Hampshire
D544,Joshua Morales,North Dakota
D545,Lisa Ward,South Dakota
D546,Donald Allen,Delaware
D547,Thomas Morrow,Texas
D548,Rebecca Smith,Louisiana
D549,Matthew Gross,Colorado
D550,Michael Atkins,Kentucky
D551,Darius Martin,South Dakota
D552,Matthew Gross,Iowa
D553,Raymond Macias,Alabama
D554,Ralph Dunn,South Dakota
D555,Samantha Cooper,Connecticut
D556,Kevin Chavez,Tennessee
D557,Timothy Wheeler,New Mexico
D558,Dr. Diane Mccoy,South Carolina
D559,Melanie Pham,Rhode Island
D560,Samantha Cooper,New Mexico
D561,Lisa Ward,Wyoming
D562,Thomas Morrow,Colorado
D563,Lori Jacobs,Pennsylvania
D564,Karen Kelly,Florida
D565,Mary Simon,Hawaii
D566,Matthew Gross,Tennessee
D567,Christopher Scott,Vermont
D568,Elizabeth Ashley,Minnesota
D569,Mary Simon,Florida
D570,Donna Gallagher,Tennessee
D571,Jill Jones,Rhode Island
D572,Kyle Lyons,Virginia
D573,Kyle Lyons,Missouri
D574,Rose Le,Arkansas
D575,Robin Cantrell,Pennsylvania
D576,Darius Martin,Texas
D577,Eileen Callahan,Delaware
D578,Brian Cline,Rhode Island
D579,Rebekah Turner,Washington
D580,Angela Brown,Texas
D581,Alan Ramos,North Dakota
D582,Jessica Schaefer,Rhode Island
D583,Cheryl Flores,Alaska
D584,Dr. Diane Mccoy,North Carolina
D585,Joshua Morales,Connecticut
D586,Darius Martin,West Virginia
D587,Michael Atkins,California
D588,Amy Peterson,Virginia
D589,Henry Brown,Kansas
D590,Kevin Chavez,Alabama
D591,Raymond Macias,Delaware
D592,Meagan Taylor,California
D593,Thomas Morrow,Virginia
D594,Samantha Cooper,Hawaii
D595,Brian Cline,Virginia
D596,Jessica Schaefer,Oregon
D597,Kevin Chavez,Idaho
D598,Raymond Macias,Vermont
D599,Chad Turner,Delaware
D600,Chris Johnson,Utah
D601,Kevin Chavez,Virginia
D602,Henry Brown,Kentucky
D603,Karen Kelly,Alabama
D604,Lori Jacobs,North Carolina
D605,Richard Rogers,New York
D606,Erin Gomez,Pennsylvania
D607,Chris Johnson,Arkansas
D608,William Jones,North Carolina
D609,Karen Kelly,North Dakota
D610,Lisa Ward,Minnesota
D611,Chad Turner,Indiana
D612,Kyle Lyons,South Dakota
D613,Rebecca Smith,Oklahoma
D614,Jennifer Miller,Washington
D615,Ralph Dunn,Connecticut
D616,Rebekah Turner,Colorado
D617,Matthew Gross,Mississippi
D618,Rebecca Smith,Maine
D619,Dr. Diane Mccoy,Alabama
D620,Pamela King,Indiana
D621,Rebecca Smith,North Carolina
D622,David Mullen,Maryland
D623,Karen Kelly,Kentucky
D624,Rebekah Turner,Georgia
D625,Christopher Scott,Michigan
D626,David Hernandez,Massachusetts
D627,Joshua Morales,California
D628,Donna Gallagher,Indiana
D629,Ralph Dunn,Alabama
D630,Christopher Scott,Ohio
D631,Joshua Morales,Pennsylvania
D632,Matthew Gross,Indiana
D633,David Hernandez,Colorado
D634,Samantha Cooper,Maryland
D635,Jennifer Miller,Alaska
D636,Jill Jones,South Dakota
D637,Lori Jacobs,Georgia
D638,Erin Gomez,Maryland
D639,Angela Brown,Kansas
D640,Matthew Gross,North Carolina
D641,Joshua Morales,Nebraska
D642,Erik Howe,Washington
D643,Robin Cantrell,Montana
D644,Amy Peterson,Louisiana
D645,Chad Turner,Connecticut
D646,Samantha Cooper,Oklahoma
D647,Erin Gomez,Wisconsin
D648,Matthew Gross,Texas
D649,Amy Peterson,North Carolina
D650,Mary Simon,Kansas
D651,Melanie Pham,Virginia
D652,Richard Rogers,New Jersey
D653,Richard Rogers,Alabama
D654,Thomas Morrow,Delaware
D655,Richard Rogers,Tennessee
D656,Lori Jacobs,West Virginia
D657,Christopher Scott,Mississippi
D658,Brian Cline,Kansas
D659,Kevin Chavez,Oklahoma
D660,David Hernandez,Oklahoma
D661,Erin Gomez,Nevada
D662,Jill Jones,Mississippi
D663,Karen Kelly,Iowa
D664,Rebecca Smith,Wisconsin
D665,Elizabeth Ashley,Nebraska
D666,Erik Howe,West Virginia
D667,Matthew Gross,Illinois
D668,Erik Howe,Kentucky
D669,Benjamin Beck,Indiana
D670,Elizabeth Ashley,Idaho
D671,Lori Jacobs,Oregon
D672,Lori Jacobs,Washington
D673,Karen Kelly,New Mexico
D674,Rebekah Turner,North Dakota
D675,Robin Cantrell,Rhode Island
D676,Victor Flores,North Dakota
D677,Matthew Gross,Idaho
D678,Joshua Morales,Iowa
D679,Rose Le,Massachusetts
D680,Victor Flores,Florida
D681,Chris Johnson,Georgia
D682,Angela Brown,California
D683,Lisa Ward,Arkansas
D684,Darius Martin,Nevada
D685,Timothy Wheeler,Arkansas
D686,Richard Rogers,Washington
D687,Donald Allen,Georgia
D688,Kyle Lyons,New Hampshire
D689,Angela Brown,Oregon
D690,Erin Gomez,New Hampshire
D691,Jennifer Miller,Kansas
D692,Donald Allen,Maine
D693,Angela Brown,Alabama
D694,Robin Cantrell,Ohio
D695,Chris Johnson,Colorado
D696,Benjamin Beck,Maryland
D697,Robin Cantrell,Connecticut
D698,Jennifer Miller,Maryland
D699,Joshua Morales,Minnesota
D700,Sharon Smith,Oregon
D701,Raymond Macias,Hawaii
D702,Brian Cline,New Hampshire
D703,Melanie Pham,Nebraska
D704,Eileen Callahan,Utah
D705,Brian Cline,Michigan
D706,Raymond Macias,Tennessee
D707,Chris Johnson,Louisiana
D708,Jennifer Miller,New Mexico
D709,Matthew Gross,Wisconsin
D710,Erin Gomez,Rhode Island
D711,Cheryl Flores,Iowa
D712,Eileen Callahan,Rhode Island
D713,Benjamin Beck,Michigan
D714,Amy Peterson,California
D715,Rebecca Smith,New Mexico
D716,Cheryl Flores,New Jersey
D717,Nancy Mercado,Utah
D718,Mary Simon,California
D719,Dr. Diane Mccoy,Pennsylvania
D720,Nancy Mercado,New Hampshire
D721,Victor Flores,Ohio
D722,Melanie Pham,Florida
D723,Erin Gomez,Ohio
D724,Darius Martin,South Carolina
D725,Raymond Macias,Michigan
D726,Erik Howe,Arkansas
D727,Benjamin Beck,Arizona
D728,Erin Gomez,California
D729,Victor Flores,New York
D730,Brian Cline,Arizona
D731,Jennifer Miller,North Carolina
D732,Robin Cantrell,Wisconsin
D733,Donna Gallagher,Oklahoma
D734,Richard Rogers,California
D735,Ralph Dunn,Kansas
D736,Thomas Morrow,North Carolina
D737,Christopher Scott,Kentucky
D738,Christopher Scott,Idaho
D739,David Mullen,Minnesota
D740,Timothy Wheeler,Idaho
D741,Jill Jones,Nebraska
D742,Christopher Scott,Tennessee
D743,Angela Brown,Vermont
D744,William Jones,New Hampshire
D745,Melanie Pham,Washington
D746,Karen Kelly,Vermont
D747,Angela Brown,South Carolina
D748,Amy Peterson,New Hampshire
D749,Rebecca Smith,New Jersey
D750,Cheryl Flores,Nebraska
D751,Amy Peterson,West Virginia
D752,Darius Martin,Indiana
D753,Elizabeth Ashley,Georgia
D754,Erik Howe,New Mexico
D755,Matthew Gross,South Dakota
D756,Sharon Smith,Oklahoma
D757,Lynn Jenkins,Florida
D758,Timothy Wheeler,Arizona
D759,Jessica Schaefer,Texas
D760,Samantha Cooper,Mississippi
D761,Benjamin Beck,Alaska
D762,David Hernandez,Missouri
D763,Amy Peterson,Wyoming
D764,Angela Brown,Utah
D765,Dr. Diane Mccoy,Nevada
D766,Chris Johnson,Missouri
D767,Rose Le,Missouri
D768,Dr. Diane Mccoy,Delaware
D769,Matthew Gross,Alaska
D770,Samantha Cooper,Michigan
D771,Benjamin Beck,Virginia
D772,Jennifer Miller,Mississippi
D773,Rebecca Smith,Iowa
D774,Meagan Taylor,Georgia
D775,William Jones,Nebraska
D776,Matthew Gross,Montana
D777,Dr. Diane Mccoy,Michigan
D778,Timothy Wheeler,Montana
D779,Nancy Mercado,Virginia
D780,Eileen Callahan,Wyoming
D781,Melanie Pham,West Virginia
D782,Richard Rogers,Colorado
D783,Dr. Diane Mccoy,New Hampshire
D784,Thomas Morrow,New Jersey
D785,Jessica Schaefer,Nevada
D786,David Hernandez,Rhode Island
D787,Rebekah Turner,Pennsylvania
D788,Amy Peterson,Vermont
D789,Rebekah Turner,Vermont
D790,Lynn Jenkins,Washington
D791,Robin Cantrell,Oregon
D792,Lisa Ward,Vermont
D793,Donald Allen,Massachusetts
D794,Timothy Wheeler,Utah
D795,Donald Allen,Nevada
D796,Lori Jacobs,Virginia
D797,Erik Howe,Virginia
D798,Rebekah Turner,Arkansas
D799,Alan Ramos,New Hampshire
D800,Nancy Mercado,Missouri
D801,Benjamin Beck,Minnesota
D802,David Hernandez,Georgia
D803,Cheryl Flores,Kentucky
D804,Chris Johnson,Nevada
D805,Jill Jones,Alaska
D806,David Mullen,Mississippi
D807,Kyle Lyons,West Virginia
D808,Alan Ramos,Georgia
D809,Ralph Dunn,Pennsylvania
D810,Victor Flores,Georgia
D811,Erin Gomez,Maine
D812,Erin Gomez,Vermont
D813,Donna Gallagher,Montana
D814,Lisa Ward,Nebraska
D815,Rebekah Turner,North Carolina
D816,Erin Gomez,Missouri
D817,Michael Atkins,New Hampshire
D818,Lori Jacobs,Connecticut
D819,Robin Cantrell,West Virginia
D820,Kyle Lyons,Tennessee
D821,Erin Gomez,Delaware
D822,David Mullen,Montana
D823,Amy Peterson,Colorado
D824,Amy Peterson,Alaska
D825,Pamela King,Maine
D826,Samantha Cooper,Rhode Island
D827,Kyle Lyons,North Dakota
D828,Erik Howe,Oklahoma
D829,Kyle Lyons,Arizona
D830,Richard Rogers,New Mexico
D831,Nancy Mercado,Massachusetts
D832,Thomas Morrow,Mississippi
D833,Jill Jones,Maryland
D834,Dr. Diane Mccoy,Wisconsin
D835,Darius Martin,Nebraska
D836,Lynn Jenkins,New Hampshire
D837,Melanie Pham,Louisiana
D838,Karen Kelly,Missouri
D839,Samantha Cooper,Missouri
D840,Thomas Morrow,Utah
D841,Lisa Ward,New Hampshire
D842,Nancy Mercado,Texas
D843,Karen Kelly,Ohio
D844,Erik Howe,Nevada
D845,Nancy Mercado,Louisiana
D846,Richard Rogers,Ohio
D847,Kyle Lyons,Georgia
D848,Henry Brown,Michigan
D849,Victor Flores,Michigan
D850,Cheryl Flores,Montana
D851,Christopher Scott,Maine
D852,Robin Cantrell,Vermont
D853,Donald Allen,Montana
D854,Samantha Cooper,West Virginia
D855,Donna Gallagher,Wisconsin
D856,Christopher Scott,Nevada
D857,Rebecca Smith,South Dakota
D858,Sharon Smith,New York
D859,Donna Gallagher,Oregon
D860,David Mullen,Kansas
D861,Rose Le,Colorado
D862,Alan Ramos,Louisiana
D863,Lisa Ward,Massachusetts
D864,Meagan Taylor,Maine
D865,Angela Brown,Minnesota
D866,Thomas Morrow,Georgia
D867,Chris Johnson,Kentucky
D868,Melanie Pham,Minnesota
D869,David Mullen,California
D870,Benjamin Beck,Oklahoma
D871,Cheryl Flores,West Virginia
D872,Samantha Cooper,Colorado
D873,Timothy Wheeler,Delaware
D874,Chris Johnson,Michigan
D875,Amy Peterson,Alabama
D876,Amy Peterson,Hawaii
D877,Samantha Cooper,North Dakota
D878,Elizabeth Ashley,Indiana
D879,Erin Gomez,Michigan
D880,Benjamin Beck,New Mexico
D881,Elizabeth Ashley,Mississippi
D882,Erik Howe,New York
D883,Jennifer Miller,Louisiana
D884,Kyle Lyons,Ohio
D885,Rebecca Smith,Delaware
D886,Meagan Taylor,Oklahoma
D887,Benjamin Beck,Nevada
D888,Erik Howe,Georgia
D889,Timothy Wheeler,Illinois
D890,Ralph Dunn,Missouri
D891,Christopher Scott,Montana
D892,Rebekah Turner,Florida
D893,Alan Ramos,Tennessee
D894,William Jones,South Carolina
D895,Donna Gallagher,Arizona
D896,Jennifer Miller,Kentucky
D897,Kyle Lyons,Pennsylvania
D898,Lynn Jenkins,Tennessee
D899,Lisa Ward,Iowa
D900,Brian Cline,Maine
D901,Pamela King,New Jersey
D902,Karen Kelly,Arizona
D903,Jennifer Miller,Texas
D904,Lisa Ward,Pennsylvania
D905,Dr. Diane Mccoy,Illinois
D906,Christopher Scott,California
D907,Karen Kelly,Montana
D908,Lori Jacobs,Nebraska
D909,Joshua Morales,Delaware
D910,Michael Atkins,Wisconsin
D911,Cheryl Flores,Pennsylvania
D912,Ralph Dunn,Maine
D913,Thomas Morrow,Nebraska
D914,Timothy Wheeler,Nebraska
D915,Henry Brown,Utah
D916,Donna Gallagher,Washington
D917,Kevin Chavez,Nebraska
D918,Lisa Ward,Delaware
D919,Victor Flores,Kansas
D920,Erik Howe,Nebraska
D921,Jessica Schaefer,Indiana
D922,Nancy Mercado,Indiana
D923,Ralph Dunn,Mississippi
D924,Lori Jacobs,Delaware
D925,Ralph Dunn,Nebraska
D926,Lori Jacobs,Nevada
D927,Rebekah Turner,Hawaii
D928,David Mullen,Rhode Island
D929,Robin Cantrell,Hawaii
D930,Ralph Dunn,Texas
D931,Rebekah Turner,Oregon
D932,Rose Le,Louisiana
D933,Darius Martin,Idaho
D934,Samantha Cooper,Wyoming
D935,Richard Rogers,Oregon
D936,Melanie Pham,Maine
D937,Timothy Wheeler,Florida
D938,David Hernandez,Kansas
D939,Joshua Morales,Washington
D940,Chad Turner,Vermont
D941,Nancy Mercado,Pennsylvania
D942,Kevin Chavez,Iowa
D943,Karen Kelly,Alaska
D944,Victor Flores,Alaska
D945,Sharon Smith,Pennsylvania
D946,Jill Jones,Iowa
D947,Samantha Cooper,Washington
D948,Victor Flores,Idaho
D949,Darius Martin,Kentucky
D950,Rose Le,Virginia
D951,Victor Flores,Alabama
D952,Joshua Morales,Oklahoma
D953,Henry Brown,Colorado
D954,Sharon Smith,Mississippi
D955,Victor Flores,Montana
D956,Melanie Pham,Wisconsin
D957,Lori Jacobs,Idaho
D958,Brian Cline,Oregon
D959,Melanie Pham,New York
D960,Richard Rogers,Illinois
D961,Matthew Gross,Wyoming
D962,Christopher Scott,Wisconsin
D963,Robin Cantrell,Utah
D964,David Hernandez,Iowa
D965,Michael Atkins,Oklahoma
D966,William Jones,Arizona
D967,Melanie Pham,Tennessee
D968,Richard Rogers,Arkansas
D969,Henry Brown,Arizona
D970,Eileen Callahan,Hawaii
D971,Robin Cantrell,New Mexico
D972,Ralph Dunn,Utah
D973,Kyle Lyons,New Jersey
D974,Jessica Schaefer,Louisiana
D975,Victor Flores,Utah
D976,Timothy Wheeler,Hawaii
D977,Erin Gomez,Oklahoma
D978,Sharon Smith,Montana
D979,Chris Johnson,Virginia
D980,Samantha Cooper,Louisiana
D981,Victor Flores,Wyoming
D982,Nancy Mercado,Kentucky
D983,Richard Rogers,Massachusetts
D984,William Jones,Oklahoma
D985,Donna Gallagher,Idaho
D986,Matthew Gross,Massachusetts
D987,Meagan Taylor,Wisconsin
D988,Jessica Schaefer,New Mexico
D989,David Mullen,Tennessee
D990,Richard Rogers,New Hampshire
D991,Brian Cline,Alaska
D992,Dr. Diane Mccoy,Arizona
D993,Jennifer Miller,Connecticut
D994,Sharon Smith,Illinois
D995,Raymond Macias,Maine
D996,Alan Ramos,Florida
D997,Dr. Diane Mccoy,Washington
D998,Rose Le,West Virginia
D999,Brian Cline,Pennsylvania
D1000,Elizabeth Ashley,North Dakota
D1001,Kyle Lyons,Illinois
D1002,Rebecca Smith,Utah
D1003,Matthew Gross,Hawaii
D1004,Melanie Pham,New Hampshire
D1005,Jennifer Miller,Wyoming
D1006,Elizabeth Ashley,Missouri
D1007,Cheryl Flores,Mississippi
D1008,Lisa Ward,Alabama
D1009,Thomas Morrow,Pennsylvania
D1010,Rebecca Smith,Nevada
D1011,Mary Simon,Tennessee
D1012,Donald Allen,South Carolina
D1013,Rose Le,Rhode Island
D1014,Kevin Chavez,New York
D1015,Erik Howe,California
D1016,Samantha Cooper,Florida
D1017,Henry Brown,Maine
D1018,Kyle Lyons,New York
D1019,Lisa Ward,Montana
D1020,David Mullen,Colorado
D1021,Christopher Scott,Colorado
D1022,Victor Flores,Nebraska
D1023,Jill Jones,New Jersey
D1024,Jessica Schaefer,Missouri
D1025,Donna Gallagher,Delaware
D1026,Jennifer Miller,Oregon
D1027,David Mullen,West Virginia
D1028,Michael Atkins,Virginia
D1029,Lori Jacobs,Wisconsin
D1030,Nancy Mercado,Nebraska
D1031,Donald Allen,Vermont
D1032,Donald Allen,Indiana
D1033,William Jones,Rhode Island
D1034,Joshua Morales,Nevada
D1035,Chad Turner,Maryland
D1036,Rose Le,Minnesota
D1037,Kevin Chavez,Arkansas
D1038,Sharon Smith,North Carolina
D1039,Elizabeth Ashley,Oregon
D1040,Rebekah Turner,Connecticut
D1041,Erin Gomez,Texas
D1042,Samantha Cooper,Tennessee
D1043,Raymond Macias,Wisconsin
D1044,Samantha Cooper,Illinois
D1045,Rose Le,Mississippi
D1046,Alan Ramos,Arkansas
D1047,Robin Cantrell,Idaho
D1048,Sharon Smith,Texas
D1049,Cheryl Flores,Rhode Island
D1050,Cheryl Flores,Georgia
D1051,Eileen Callahan,California
D1052,Cheryl Flores,Colorado
D1053,Dr. Diane Mccoy,Vermont
D1054,Ralph Dunn,Michigan
D1055,Ralph Dunn,Maryland
D1056,Henry Brown,Minnesota
D1057,Henry Brown,South Carolina
D1058,Rose Le,Kentucky
D1059,Darius Martin,Rhode Island
D1060,Angela Brown,Idaho
D1061,Darius Martin,Illinois
D1062,Ralph Dunn,Virginia
D1063,Raymond Macias,South Dakota
D1064,Donna Gallagher,Virginia
D1065,David Mullen,Massachusetts
D1066,Christopher Scott,Missouri
D1067,Ralph Dunn,Montana
D1068,Lori Jacobs,Indiana
D1069,Rose Le,Illinois
D1070,Nancy Mercado,Illinois
D1071,Rebekah Turner,New Mexico
D1072,Michael Atkins,Maryland
D1073,William Jones,Maryland
D1074,Christopher Scott,Iowa
D1075,William Jones,California
D1076,Alan Ramos,Maine
D1077,Ralph Dunn,Florida
D1078,Thomas Morrow,Montana
D1079,Meagan Taylor,Pennsylvania
D1080,Pamela King,Wyoming
D1081,Jessica Schaefer,Vermont
D1082,Chris Johnson,Maryland
D1083,Kyle Lyons,Arkansas
D1084,Cheryl Flores,Washington
D1085,Chad Turner,New Jersey
D1086,Donna Gallagher,Alaska
D1087,Benjamin Beck,Louisiana
D1088,Pamela King,Idaho
D1089,Elizabeth Ashley,Connecticut
D1090,Cheryl Flores,California
D1091,Erik Howe,Michigan
D1092,Meagan Taylor,New Hampshire
D1093,Chad Turner,South Dakota
D1094,Victor Flores,Missouri
D1095,Thomas Morrow,Florida
D1096,Alan Ramos,Hawaii
D1097,Eileen Callahan,Illinois
D1098,Lynn Jenkins,Connecticut
D1099,Victor Flores,Louisiana
D1100,Rebecca Smith,Washington
D1101,Cheryl Flores,Utah
D1102,Raymond Macias,Washington
D1103,Nancy Mercado,Kansas
D1104,Darius Martin,Utah
D1105,Pamela King,Alabama
D1106,Erik Howe,Ohio
D1107,Rebekah Turner,New Jersey
D1108,Melanie Pham,Indiana
D1109,Henry Brown,Massachusetts
D1110,Chad Turner,Montana
D1111,Brian Cline,Iowa
D1112,Lynn Jenkins,Hawaii
D1113,Meagan Taylor,Washington
D1114,Benjamin Beck,Tennessee
D1115,Brian Cline,Kentucky
D1116,William Jones,Minnesota
D1117,Michael Atkins,Nebraska
D1118,Alan Ramos,Rhode Island
D1119,Lisa Ward,Oklahoma
D1120,Rose Le,Indiana
D1121,Jennifer Miller,Vermont
D1122,Matthew Gross,Minnesota
D1123,Lynn Jenkins,Oklahoma
D1124,Lori Jacobs,Oklahoma
D1125,Richard Rogers,Maryland
D1126,Meagan Taylor,South Carolina
D1127,Henry Brown,New York
D1128,William Jones,New Jersey
D1129,Dr. Diane Mccoy,Iowa
D1130,Richard Rogers,Hawaii
D1131,Jill Jones,Ohio
D1132,Karen Kelly,West Virginia
D1133,Meagan Taylor,Louisiana
D1134,Elizabeth Ashley,Vermont
D1135,Michael Atkins,Colorado
D1136,Robin Cantrell,New York
D1137,Chad Turner,Rhode Island
D1138,Jessica Schaefer,West Virginia
D1139,Amy Peterson,Mississippi
D1140,Mary Simon,Delaware
D1141,Sharon Smith,New Mexico
D1142,Nancy Mercado,Maine
D1143,Christopher Scott,New Hampshire
D1144,Nancy Mercado,Nevada
D1145,Victor Flores,Maine
D1146,Samantha Cooper,Wisconsin
D1147,Elizabeth Ashley,West Virginia
D1148,Thomas Morrow,Ohio
D1149,David Hernandez,Utah
D1150,Lori Jacobs,South Dakota
D1151,David Mullen,Delaware
D1152,Rebekah Turner,Kentucky
D1153,Nancy Mercado,Oklahoma
D1154,Raymond Macias,Iowa
D1155,Ralph Dunn,Arkansas
D1156,Cheryl Flores,South Dakota
D1157,Thomas Morrow,Kansas
D1158,Amy Peterson,Indiana
D1159,Alan Ramos,Texas
D1160,Victor Flores,Indiana
D1161,David Mullen,North Carolina
D1162,Kyle Lyons,Texas
D1163,Mary Simon,Wyoming
D1164,Erik Howe,Alabama
D1165,Erin Gomez,Alaska
D1166,Rebekah Turner,Missouri
D1167,Kevin Chavez,Alaska
D1168,Michael Atkins,Arkansas
D1169,Raymond Macias,New York
D1170,Lori Jacobs,Michigan
D1171,David Mullen,Indiana
D1172,Karen Kelly,Georgia
D1173,Dr. Diane Mccoy,Texas
D1174,Darius Martin,Missouri
D1175,Thomas Morrow,Michigan
D1176,Christopher Scott,North Carolina
D1177,Benjamin Beck,Utah
D1178,Rose Le,Maryland
D1179,Chad Turner,Iowa
D1180,Michael Atkins,Louisiana
D1181,Erin Gomez,Alabama
D1182,Karen Kelly,Utah
D1183,David Hernandez,Louisiana
D1184,Rebekah Turner,Nebraska
D1185,Robin Cantrell,California
D1186,Victor Flores,Vermont
D1187,Joshua Morales,North Carolina
D1188,Benjamin Beck,Georgia
D1189,Nancy Mercado,Delaware
D1190,David Hernandez,Kentucky
D1191,David Mullen,Vermont
D1192,Cheryl Flores,Connecticut
D1193,Ralph Dunn,Iowa
D1194,Mary Simon,Texas
D1195,Alan Ramos,Kentucky
D1196,Victor Flores,New Jersey
D1197,Donald Allen,Idaho
D1198,Rose Le,South Carolina
D1199,Chris Johnson,Delaware
D1200,Dr. Diane Mccoy,Utah
D1201,David Mullen,Connecticut
D1202,Henry Brown,Nebraska
D1203,Chris Johnson,Arizona
D1204,Melanie Pham,Kentucky
D1205,Raymond Macias,New Hampshire
D1206,Karen Kelly,South Dakota
D1207,Darius Martin,Montana
D1208,Dr. Diane Mccoy,Ohio
D1209,Sharon Smith,Arizona
D1210,Nancy Mercado,New York
D1211,Melanie Pham,Montana
D1212,Henry Brown,Maryland
D1213,Jessica Schaefer,Arkansas
D1214,Richard Rogers,North Dakota
D1215,Christopher Scott,Massachusetts
D1216,Robin Cantrell,Iowa
D1217,Karen Kelly,Texas
D1218,Jessica Schaefer,Georgia
D1219,Kyle Lyons,Massachusetts
D1220,Henry Brown,South Dakota
D1221,Ralph Dunn,New Mexico
D1222,Alan Ramos,Nevada
D1223,Victor Flores,Hawaii
D1224,Timothy Wheeler,Alaska
D1225,David Hernandez,Mississippi
D1226,Sharon Smith,Nevada
D1227,Rose Le,Arizona
D1228,Robin Cantrell,Washington
D1229,Chris Johnson,Massachusetts
D1230,Pamela King,Colorado
D1231,Henry Brown,New Hampshire
D1232,Lori Jacobs,Arkansas
D1233,Donna Gallagher,Mississippi
D1234,Chris Johnson,West Virginia
D1235,Dr. Diane Mccoy,Connecticut
D1236,William Jones,Missouri
D1237,Donald Allen,Arkansas
D1238,Joshua Morales,Utah
D1239,Mary Simon,Georgia
D1240,Jessica Schaefer,Iowa
D1241,Victor Flores,Mississippi
D1242,Mary Simon,Maine
D1243,Henry Brown,Vermont
D1244,Meagan Taylor,Maryland
D1245,Erin Gomez,Iowa
D1246,Lori Jacobs,Ohio
D1247,Matthew Gross,Oregon
D1248,Sharon Smith,Michigan
D1249,Sharon Smith,Alabama
D1250,Sharon Smith,Wyoming
D1251,David Hernandez,Virginia
D1252,Cheryl Flores,New York
D1253,Erin Gomez,New York
D1254,Chad Turner,Arizona
D1255,Kevin Chavez,Arizona
D1256,Henry Brown,Hawaii
D1257,Benjamin Beck,Hawaii
D1258,Chad Turner,Georgia
D1259,Lisa Ward,Georgia
D1260,Eileen Callahan,South Carolina
D1261,Nancy Mercado,Rhode Island
D1262,Ralph Dunn,Colorado
D1263,Matthew Gross,Oklahoma
D1264,Elizabeth Ashley,Nevada
D1265,William Jones,Alabama
D1266,Lori Jacobs,Maine
D1267,Meagan Taylor,Utah
D1268,Alan Ramos,Pennsylvania
D1269,Jennifer Miller,West Virginia
D1270,Melanie Pham,Illinois
D1271,Jill Jones,Alabama
D1272,Matthew Gross,Alabama
D1273,Dr. Diane Mccoy,Florida
D1274,Rebecca Smith,Nebraska
D1275,Alan Ramos,Wyoming
D1276,Melanie Pham,North Carolina
D1277,Michael Atkins,Montana
D1278,Lori Jacobs,Wyoming
D1279,Brian Cline,Wisconsin
D1280,Chris Johnson,Pennsylvania
D1281,Thomas Morrow,Hawaii
D1282,Erin Gomez,South Dakota
D1283,Richard Rogers,Vermont
D1284,Victor Flores,Delaware
D1285,Dr. Diane Mccoy,Maryland
D1286,Henry Brown,Alabama
D1287,Sharon Smith,Wisconsin
D1288,Victor Flores,South Dakota
D1289,David Mullen,Nebraska
D1290,Kevin Chavez,Connecticut
D1291,Chris Johnson,Idaho
D1292,Erik Howe,Montana
D1293,Lynn Jenkins,New York
D1294,Henry Brown,Montana
D1295,Jill Jones,Illinois
D1296,Lori Jacobs,New Jersey
D1297,Victor Flores,Oklahoma
D1298,Rebecca Smith,Idaho
D1299,Kyle Lyons,North Carolina
D1300,Melanie Pham,Oklahoma
D1301,Erik Howe,Maine
D1302,Raymond Macias,Arkansas
D1303,Meagan Taylor,Tennessee
D1304,Christopher Scott,Virginia
D1305,Eileen Callahan,Oklahoma
D1306,Chris Johnson,Texas
D1307,Meagan Taylor,Rhode Island
D1308,Chad Turner,Oklahoma
D1309,Angela Brown,Ohio
D1310,Eileen Callahan,New York
D1311,Sharon Smith,Hawaii
D1312,Donald Allen,Virginia
D1313,Ralph Dunn,Washington
D1314,Matthew Gross,Florida
D1315,Ralph Dunn,Nevada
D1316,Mary Simon,Colorado
D1317,Melanie Pham,Vermont
D1318,Rebekah Turner,New Hampshire
D1319,Richard Rogers,South Dakota
D1320,Rebecca Smith,Texas
D1321,Mary Simon,New Jersey
D1322,Angela Brown,Iowa
D1323,Jennifer Miller,Pennsylvania
D1324,Joshua Morales,New Mexico
D1325,Benjamin Beck,Ohio
D1326,Kyle Lyons,Minnesota
D1327,Erin Gomez,Montana
D1328,Rebekah Turner,Texas
D1329,Jill Jones,Maine
D1330,Lisa Ward,Louisiana
D1331,Meagan Taylor,Connecticut
D1332,Brian Cline,Texas
D1333,David Mullen,Oregon
D1334,Sharon Smith,Kansas
D1335,Benjamin Beck,Rhode Island
D1336,Rebekah Turner,Maine
D1337,Brian Cline,Washington
D1338,David Mullen,Wyoming
D1339,Amy Peterson,Florida
D1340,Matthew Gross,North Dakota
D1341,Joshua Morales,Vermont
D1342,Chad Turner,Utah
D1343,Erik Howe,North Dakota
D1344,Eileen Callahan,Virginia
D1345,Donna Gallagher,North Dakota
D1346,Jessica Schaefer,Colorado
D1347,Jennifer Miller,South Carolina
D1348,Rebecca Smith,North Dakota
D1349,Pamela King,Texas
D1350,Samantha Cooper,Nebraska
D1351,Samantha Cooper,North Carolina
D1352,Victor Flores,West Virginia
D1353,Raymond Macias,Idaho
D1354,Rose Le,New Hampshire
D1355,Amy Peterson,Washington
D1356,Samantha Cooper,Kansas
D1357,Kyle Lyons,Alaska
D1358,Pamela King,New Hampshire
D1359,Richard Rogers,Rhode Island
D1360,William Jones,Kentucky
D1361,Chad Turner,Mississippi
D1362,Pamela King,Ohio
D1363,Cheryl Flores,Delaware
D1364,Kevin Chavez,Louisiana
D1365,Robin Cantrell,Maryland
D1366,Chad Turner,Colorado
D1367,Timothy Wheeler,Minnesota
D1368,Samantha Cooper,New Jersey
D1369,Rebekah Turner,Illinois
D1370,Erik Howe,Kansas
D1371,Erin Gomez,Colorado
D1372,Chad Turner,Arkansas
D1373,Lori Jacobs,Rhode Island
D1374,Joshua Morales,Maryland
D1375,Christopher Scott,Texas
D1376,Rose Le,Delaware
D1377,Ralph Dunn,Vermont
D1378,Erin Gomez,Arkansas
D1379,Matthew Gross,Maine
D1380,Darius Martin,California
D1381,Kevin Chavez,Michigan
D1382,Henry Brown,Tennessee
D1383,Alan Ramos,Arizona
D1384,Victor Flores,Wisconsin
D1385,Robin Cantrell,Michigan
D1386,Ralph Dunn,Wyoming
D1387,Melanie Pham,Wyoming
D1388,Kyle Lyons,South Carolina
D1389,Lynn Jenkins,North Dakota
D1390,Brian Cline,North Carolina
D1391,Jill Jones,Idaho
D1392,Lynn Jenkins,Rhode Island
D1393,Samantha Cooper,Arkansas
D1394,Erin Gomez,Connecticut
D1395,Victor Flores,Tennessee
D1396,Erik Howe,Texas
D1397,David Mullen,New Jersey
D1398,Rebecca Smith,Kentucky
D1399,Benjamin Beck,Mississippi
D1400,Chad Turner,California
D1401,Chris Johnson,Hawaii
D1402,Joshua Morales,Rhode Island
D1403,Chris Johnson,Alabama
D1404,David Hernandez,Maine
D1405,Jessica Schaefer,Oklahoma
D1406,Donna Gallagher,Minnesota
D1407,William Jones,Iowa
D1408,Lynn Jenkins,Vermont
D1409,Jill Jones,New Hampshire
D1410,Lynn Jenkins,South Dakota
D1411,Robin Cantrell,Kentucky
D1412,Kevin Chavez,Georgia
D1413,Jill Jones,California
D1414,Lynn Jenkins,North Carolina
D1415,David Hernandez,Connecticut
D1416,Cheryl Flores,Arkansas
D1417,Mary Simon,Illinois
D1418,Donald Allen,Wyoming
D1419,Michael Atkins,New Mexico
D1420,Jessica Schaefer,Wisconsin
D1421,Samantha Cooper,New Hampshire
D1422,Erik Howe,New Jersey
D1423,Kevin Chavez,Mississippi
D1424,Elizabeth Ashley,New Mexico
D1425,Thomas Morrow,South Carolina
D1426,Cheryl Flores,Massachusetts
D1427,Ralph Dunn,Illinois
D1428,Brian Cline,Montana
D1429,Lynn Jenkins,Maine
D1430,Eileen Callahan,West Virginia
D1431,Matthew Gross,Pennsylvania
D1432,Michael Atkins,West Virginia
D1433,Robin Cantrell,Virginia
D1434,Victor Flores,Virginia
D1435,Joshua Morales,Wisconsin
D1436,Melanie Pham,Georgia
D1437,Matthew Gross,New Mexico
D1438,Michael Atkins,Alaska
D1439,Jennifer Miller,Missouri
D1440,Rose Le,Nebraska
D1441,Christopher Scott,Arkansas
D1442,Rebecca Smith,Pennsylvania
D1443,Chad Turner,Kentucky
D1444,William Jones,Tennessee
D1445,Kevin Chavez,Pennsylvania
D1446,Darius Martin,Washington
D1447,Angela Brown,New York
D1448,Timothy Wheeler,Wyoming
D1449,Robin Cantrell,Illinois
D1450,Donald Allen,Washington
D1451,Amy Peterson,Pennsylvania
D1452,Christopher Scott,Pennsylvania
D1453,Erik Howe,Indiana
D1454,Michael Atkins,Florida
D1455,Sharon Smith,Kentucky
D1456,Cheryl Flores,Wyoming
D1457,Alan Ramos,Minnesota
D1458,Joshua Morales,Montana
D1459,Rebecca Smith,Georgia
D1460,Jill Jones,New York
D1461,Kevin Chavez,Kentucky
D1462,Jennifer Miller,Florida
D1463,William Jones,Colorado
D1464,Matthew Gross,West Virginia
D1465,Christopher Scott,Oklahoma
D1466,Joshua Morales,Mississippi
D1467,Robin Cantrell,Colorado
D1468,Melanie Pham,South Carolina
D1469,Meagan Taylor,Vermont
D1470,Robin Cantrell,Missouri
D1471,Sharon Smith,Tennessee
D1472,Sharon Smith,Minnesota
D1473,Richard Rogers,Nebraska
D1474,Pamela King,Nebraska
D1475,Raymond Macias,Florida
D1476,Dr. Diane Mccoy,Virginia
D1477,Matthew Gross,Georgia
D1478,Karen Kelly,Maine
D1479,Dr. Diane Mccoy,Minnesota
D1480,Amy Peterson,Connecticut
D1481,Thomas Morrow,Tennessee
D1482,Joshua Morales,Oregon
D1483,Nancy Mercado,Arizona
D1484,Amy Peterson,South Carolina
D1485,Nancy Mercado,Vermont
D1486,Michael Atkins,Vermont
D1487,Lisa Ward,Ohio
D1488,Brian Cline,Florida
D1489,Lisa Ward,Hawaii
D1490,Erin Gomez,Hawaii
D1491,Lynn Jenkins,Georgia
D1492,Nancy Mercado,Arkansas
D1493,Timothy Wheeler,Tennessee
D1494,Michael Atkins,Ohio
D1495,Henry Brown,New Jersey
D1496,Chris Johnson,Kansas
D1497,Eileen Callahan,Louisiana
D1498,Donna Gallagher,Connecticut
D1499,Jessica Schaefer,Delaware
D1500,Karen Kelly,Oklahoma
D1501,Kevin Chavez,Wyoming
D1502,David Mullen,Oklahoma
D1503,Lynn Jenkins,Indiana
D1504,Rose Le,Michigan
D1505,Thomas Morrow,Alaska
D1506,William Jones,Washington
D1507,Robin Cantrell,Alabama
D1508,Robin Cantrell,Alaska
D1509,Rebekah Turner,Utah
D1510,Henry Brown,Idaho
D1511,Joshua Morales,Hawaii
D1512,Chris Johnson,Nebraska
D1513,Eileen Callahan,Maine
D1514,Nancy Mercado,South Dakota
D1515,Angela Brown,New Mexico
D1516,Angela Brown,Wyoming
D1517,Chris Johnson,South Dakota
D1518,Christopher Scott,Kansas
D1519,Rebekah Turner,Wisconsin
D1520,Chad Turner,Idaho
D1521,Lori Jacobs,Alabama
D1522,William Jones,Alaska
D1523,Alan Ramos,Oklahoma
D1524,Chad Turner,Nebraska
D1525,Lynn Jenkins,Alaska
D1526,Alan Ramos,North Carolina
D1527,Sharon Smith,Alaska
D1528,William Jones,Hawaii
D1529,Mary Simon,Washington
D1530,Rebecca Smith,Maryland
D1531,Benjamin Beck,South Carolina
D1532,David Mullen,Washington
D1533,Melanie Pham,Alabama
D1534,Sharon Smith,South Carolina
D1535,Angela Brown,Virginia
D1536,Cheryl Flores,Arizona
D1537,Victor Flores,North Carolina
D1538,Timothy Wheeler,Kansas
D1539,Robin Cantrell,Maine
D1540,Lisa Ward,Texas
D1541,Matthew Gross,New Jersey
D1542,Lisa Ward,Utah
D1543,Pamela King,Iowa
D1544,Chad Turner,Michigan
D1545,Brian Cline,Idaho
D1546,Karen Kelly,Washington
D1547,Elizabeth Ashley,Florida
D1548,Rebekah Turner,Kansas
D1549,Elizabeth Ashley,Louisiana
D1550,Donna Gallagher,Massachusetts
D1551,Matthew Gross,Connecticut
D1552,Chad Turner,Ohio
D1553,Melanie Pham,Kansas
D1554,Raymond Macias,South Carolina
D1555,Eileen Callahan,New Hampshire
D1556,Angela Brown,Wisconsin
D1557,Brian Cline,Minnesota
D1558,Erin Gomez,Minnesota
D1559,Raymond Macias,Virginia
D1560,Timothy Wheeler,South Dakota
D1561,Thomas Morrow,Kentucky
D1562,Melanie Pham,Colorado
D1563,Christopher Scott,Washington
D1564,Karen Kelly,California
D1565,Christopher Scott,West Virginia
D1566,William Jones,Delaware
D1567,Nancy Mercado,Colorado
D1568,Kevin Chavez,Delaware
D1569,Eileen Callahan,Nevada
D1570,David Hernandez,Wisconsin
D1571,William Jones,Mississippi
D1572,Mary Simon,Utah
D1573,Dr. Diane Mccoy,Louisiana
D1574,Michael Atkins,Texas
D1575,Benjamin Beck,Illinois
D1576,Kevin Chavez,Utah
D1577,Matthew Gross,Maryland
D1578,Samantha Cooper,Maine
D1579,Lisa Ward,Kansas
D1580,Karen Kelly,New Hampshire
D1581,Jennifer Miller,South Dakota
D1582,Melanie Pham,Delaware
D1583,Lynn Jenkins,Virginia
D1584,Matthew Gross,Delaware
D1585,Brian Cline,Missouri
D1586,Lisa Ward,Florida
D1587,Victor Flores,Minnesota
D1588,Joshua Morales,Wyoming
D1589,Angela Brown,Illinois
D1590,Eileen Callahan,Minnesota
D1591,Cheryl Flores,Indiana
D1592,Chad Turner,Nevada
D1593,Pamela King,Arkansas
D1594,Matthew Gross,Virginia
D1595,Victor Flores,New Mexico
D1596,Mary Simon,Montana
D1597,Cheryl Flores,Illinois
D1598,Mary Simon,Michigan
D1599,Christopher Scott,Nebraska
D1600,Kevin Chavez,Texas
D1601,Raymond Macias,West Virginia
D1602,Lisa Ward,New York
D1603,Jill Jones,Nevada
D1604,Alan Ramos,New York
D1605,Samantha Cooper,Georgia
D1606,Mary Simon,New Mexico
D1607,Cheryl Flores,Hawaii
D1608,Henry Brown,North Dakota
D1609,Lori Jacobs,New York
D1610,Christopher Scott,Connecticut
D1611,Erik Howe,Wisconsin
D1612,Dr. Diane Mccoy,Arkansas
D1613,Joshua Morales,South Dakota
D1614,Kyle Lyons,Oregon
D1615,Lori Jacobs,Colorado
D1616,Erin Gomez,Illinois
D1617,Victor Flores,Arizona
D1618,Eileen Callahan,North Carolina
D1619,Kyle Lyons,Washington
D1620,Cheryl Flores,Kansas
D1621,Michael Atkins,Wyoming
D1622,Samantha Cooper,Alaska
D1623,Angela Brown,Maine
D1624,Robin Cantrell,New Jersey
D1625,Lynn Jenkins,Kentucky
D1626,Kevin Chavez,Hawaii
D1627,Darius Martin,Colorado
D1628,David Mullen,Nevada
D1629,Timothy Wheeler,Pennsylvania
D1630,Meagan Taylor,Virginia
D1631,Meagan Taylor,Arkansas
D1632,William Jones,Montana
D1633,Erik Howe,Delaware
D1634,Erik Howe,Wyoming
D1635,Cheryl Flores,Louisiana
D1636,Robin Cantrell,Tennessee
D1637,Meagan Taylor,West Virginia
D1638,Eileen Callahan,Missouri
D1639,Ralph Dunn,California
D1640,Michael Atkins,Indiana
D1641,Karen Kelly,South Carolina
D1642,Jill Jones,Michigan
D1643,Lisa Ward,Missouri
D1644,Christopher Scott,Hawaii
D1645,Mary Simon,Nevada
D1646,Alan Ramos,California
D1647,Henry Brown,Louisiana
D1648,Rose Le,Florida
D1649,Brian Cline,Arkansas
D1650,Rose Le,Nevada
D1651,Meagan Taylor,Wyoming
D1652,Michael Atkins,Delaware
D1653,Richard Rogers,Utah
D1654,Dr. Diane Mccoy,New Jersey
D1655,Rose Le,Idaho
D1656,Kyle Lyons,Montana
D1657,Richard Rogers,Montana
D1658,Donna Gallagher,Pennsylvania
D1659,Joshua Morales,Texas
D1660,Michael Atkins,New York
D1661,Elizabeth Ashley,South Carolina
D1662,Jill Jones,Arkansas
D1663,Raymond Macias,Pennsylvania
D1664,Jill Jones,Montana
D1665,Samantha Cooper,Delaware
D1666,Lynn Jenkins,Illinois
D1667,Kyle Lyons,Colorado
D1668,Chad Turner,Tennessee
D1669,Robin Cantrell,Arizona
D1670,Rebecca Smith,Virginia
D1671,Jennifer Miller,Idaho
D1672,Dr. Diane Mccoy,Kentucky
D1673,Michael Atkins,North Dakota
D1674,Timothy Wheeler,New York
D1675,Robin Cantrell,Arkansas
D1676,Timothy Wheeler,New Jersey
D1677,Rose Le,Oklahoma
D1678,Jennifer Miller,Oklahoma
D1679,David Mullen,Alabama
D1680,Pamela King,Illinois
D1681,David Hernandez,New York
D1682,Melanie Pham,Iowa
D1683,Raymond Macias,New Jersey
D1684,Amy Peterson,Georgia
D1685,Cheryl Flores,Tennessee
D1686,Darius Martin,Alaska
D1687,Rebecca Smith,Rhode Island
D1688,Jill Jones,Wisconsin
D1689,David Mullen,Idaho
D1690,Eileen Callahan,Idaho
D1691,Dr. Diane Mccoy,Indiana
D1692,David Mullen,New Mexico
D1693,Alan Ramos,Idaho
D1694,Raymond Macias,Alaska
D1695,David Hernandez,Minnesota
D1696,Richard Rogers,Kansas
D1697,Kevin Chavez,Rhode Island
D1698,Dr. Diane Mccoy,Rhode Island
D1699,Victor Flores,Rhode Island
D1700,Kyle Lyons,Connecticut
D1701,Darius Martin,Ohio
D1702,Eileen Callahan,Alaska
D1703,Kyle Lyons,Hawaii
D1704,Dr. Diane Mccoy,New Mexico
D1705,Rebecca Smith,Indiana
D1706,Nancy Mercado,Mississippi
D1707,Angela Brown,Delaware
D1708,Donna Gallagher,Utah
D1709,Donna Gallagher,Iowa
D1710,Mary Simon,South Carolina
D1711,Robin Cantrell,Massachusetts
D1712,Elizabeth Ashley,Utah
D1713,Sharon Smith,Washington
D1714,Erik Howe,Connecticut
D1715,Robin Cantrell,South Carolina
D1716,Eileen Callahan,Maryland
D1717,Lisa Ward,Connecticut
D1718,Lynn Jenkins,Nebraska
D1719,Meagan Taylor,North Carolina
D1720,Donald Allen,Minnesota
D1721,Lynn Jenkins,Montana
D1722,Erin Gomez,New Jersey
D1723,Amy Peterson,Kentucky
D1724,Angela Brown,Oklahoma
D1725,Lynn Jenkins,Kansas
D1726,Christopher Scott,Wyoming
D1727,Alan Ramos,Michigan
D1728,Rose Le,New Mexico
D1729,Kevin Chavez,Washington
D1730,Donna Gallagher,Wyoming
D1731,Timothy Wheeler,Missouri
D1732,Thomas Morrow,New Hampshire
D1733,Henry Brown,Washington
D1734,Thomas Morrow,North Dakota
D1735,Timothy Wheeler,California
D1736,Michael Atkins,Alabama
D1737,David Hernandez,Idaho
D1738,Kevin Chavez,Kansas
D1739,Kevin Chavez,New Mexico
D1740,Jessica Schaefer,Minnesota
D1741,Sharon Smith,Massachusetts
D1742,Lynn Jenkins,Arkansas
D1743,Donna Gallagher,Kansas
D1744,Erik Howe,Illinois
D1745,Karen Kelly,Delaware
D1746,Cheryl Flores,Alabama
D1747,Donna Gallagher,Louisiana
D1748,Eileen Callahan,Connecticut
D1749,Timothy Wheeler,North Carolina
D1750,Donald Allen,North Dakota
D1751,Elizabeth Ashley,Virginia
D1752,Sharon Smith,Rhode Island
D1753,Rebecca Smith,Connecticut
D1754,Joshua Morales,Arizona
D1755,Kevin Chavez,South Carolina
D1756,Chad Turner,Hawaii
D1757,Kyle Lyons,Iowa
D1758,Rebecca Smith,Kansas
D1759,Pamela King,Rhode Island
D1760,Eileen Callahan,Washington
D1761,Eileen Callahan,New Jersey
D1762,Matthew Gross,Rhode Island
D1763,Robin Cantrell,Wyoming
D1764,Erik Howe,North Carolina
D1765,Jill Jones,North Carolina
D1766,Brian Cline,Oklahoma
D1767,Sharon Smith,North Dakota
D1768,Christopher Scott,Illinois
D1769,Nancy Mercado,New Jersey
D1770,Elizabeth Ashley,New York
D1771,Samantha Cooper,Iowa
D1772,Kevin Chavez,Minnesota
D1773,Thomas Morrow,Massachusetts
D1774,Henry Brown,Florida
D1775,Cheryl Flores,North Carolina
D1776,Benjamin Beck,West Virginia
D1777,Pamela King,New Mexico
D1778,Jessica Schaefer,Virginia
D1779,Darius Martin,Kansas
D1780,Richard Rogers,Pennsylvania
D1781,Henry Brown,Rhode Island
D1782,Jessica Schaefer,Hawaii
D1783,Benjamin Beck,North Dakota
D1784,Lori Jacobs,Kansas
D1785,Elizabeth Ashley,Texas
D1786,Rebecca Smith,Florida
D1787,Donald Allen,Mississippi
D1788,Eileen Callahan,Vermont
D1789,Jennifer Miller,Ohio
D1790,Jennifer Miller,Nebraska
D1791,Brian Cline,Louisiana
D1792,Samantha Cooper,Massachusetts
D1793,Raymond Macias,Maryland
D1794,Lynn Jenkins,Louisiana
D1795,Jessica Schaefer,Kansas
D1796,David Mullen,North Dakota
D1797,Timothy Wheeler,Virginia
D1798,David Mullen,Ohio
D1799,William Jones,Virginia
D1800,Lori Jacobs,New Mexico
D1801,Meagan Taylor,Oregon
D1802,Rebecca Smith,Mississippi
D1803,Lynn Jenkins,Missouri
D1804,Karen Kelly,Louisiana
D1805,Nancy Mercado,Idaho
D1806,Meagan Taylor,South Dakota
D1807,Dr. Diane Mccoy,Georgia
D1808,Angela Brown,South Dakota
D1809,Ralph Dunn,Massachusetts
D1810,Lori Jacobs,New Hampshire
D1811,Donna Gallagher,California
D1812,Nancy Mercado,North Carolina
D1813,Alan Ramos,Oregon
D1814,Donald Allen,Iowa
D1815,Alan Ramos,Alabama
D1816,Brian Cline,South Dakota
D1817,Karen Kelly,Tennessee
D1818,William Jones,Connecticut
D1819,Lisa Ward,Nevada
D1820,Dr. Diane Mccoy,Oregon
D1821,Brian Cline,Nebraska
D1822,Karen Kelly,Colorado
D1823,Raymond Macias,Georgia
D1824,Nancy Mercado,Michigan
D1825,David Mullen,Alaska
D1826,Donald Allen,Rhode Island
D1827,Samantha Cooper,Minnesota
D1828,Amy Peterson,Illinois
D1829,Amy Peterson,Nebraska
D1830,Amy Peterson,New Mexico
D1831,Meagan Taylor,Illinois
D1832,Joshua Morales,Louisiana
D1833,Victor Flores,Kentucky
D1834,Donald Allen,Pennsylvania
D1835,Henry Brown,Connecticut
D1836,David Hernandez,Nevada
D1837,Meagan Taylor,Alabama
D1838,Rebecca Smith,Alaska
D1839,Erik Howe,Tennessee
D1840,William Jones,Arkansas
D1841,Jessica Schaefer,North Dakota
D1842,Michael Atkins,Hawaii
D1843,Raymond Macias,Wyoming
D1844,Lisa Ward,Indiana
D1845,Kevin Chavez,Maryland
D1846,Chris Johnson,New York
D1847,Benjamin Beck,South Dakota
D1848,Lori Jacobs,Florida
D1849,Meagan Taylor,North Dakota
D1850,Erin Gomez,New Mexico
D1851,Kevin Chavez,Indiana
D1852,Kyle Lyons,California
D1853,Erin Gomez,Mississippi
D1854,Donald Allen,Missouri
D1855,Amy Peterson,Arizona
D1856,Mary Simon,North Carolina
D1857,Jennifer Miller,Arizona
D1858,Elizabeth Ashley,Kentucky
D1859,Timothy Wheeler,Colorado
D1860,Rose Le,South Dakota
D1861,Rebekah Turner,Minnesota
D1862,Raymond Macias,Nebraska
D1863,Joshua Morales,New Hampshire
D1864,Jessica Schaefer,New York
D1865,Erin Gomez,Indiana
D1866,David Mullen,Wisconsin
D1867,Sharon Smith,Colorado
D1868,Matthew Gross,Ohio
D1869,Samantha Cooper,Vermont
D1870,Thomas Morrow,Rhode Island
D1871,Ralph Dunn,South Carolina
D1872,Brian Cline,Illinois
D1873,Pamela King,Wisconsin
D1874,Kyle Lyons,Florida
D1875,Mary Simon,Rhode Island
D1876,Benjamin Beck,Florida
D1877,Kyle Lyons,Maryland
D1878,Matthew Gross,Utah
D1879,Donna Gallagher,New Mexico
D1880,William Jones,Indiana
D1881,Donna Gallagher,Vermont
D1882,Angela Brown,Nebraska
D1883,Mary Simon,Mississippi
D1884,Kyle Lyons,Vermont
D1885,Mary Simon,Alabama
D1886,Michael Atkins,Tennessee
D1887,Jennifer Miller,Hawaii
D1888,Thomas Morrow,Wisconsin
D1889,Lynn Jenkins,Delaware
D1890,Nancy Mercado,Tennessee
D1891,Nancy Mercado,Montana
D1892,Michael Atkins,Minnesota
D1893,Jessica Schaefer,Nebraska
D1894,Chad Turner,Alabama
D1895,Rebekah Turner,Massachusetts
D1896,Meagan Taylor,New York
D1897,Ralph Dunn,New Hampshire
D1898,Robin Cantrell,Delaware
D1899,Jill Jones,Kentucky
D1900,Darius Martin,Georgia
D1901,Henry Brown,Ohio
D1902,Angela Brown,Florida
D1903,Thomas Morrow,West Virginia
D1904,Rebecca Smith,West Virginia
D1905,Benjamin Beck,Washington
D1906,Matthew Gross,Nevada
D1907,Meagan Taylor,Kentucky
D1908,Erik Howe,Mississippi
D1909,Chad Turner,Minnesota
D1910,Rose Le,Georgia
D1911,Chris Johnson,New Mexico
D1912,Victor Flores,Colorado
D1913,Jill Jones,West Virginia
D1914,Donald Allen,Arizona
D1915,Chad Turner,Kansas
D1916,Lisa Ward,Idaho
D1917,Raymond Macias,North Dakota
D1918,Erik Howe,Idaho
D1919,Kyle Lyons,Wisconsin
D1920,Benjamin Beck,Maine
D1921,Chris Johnson,Alaska
D1922,Brian Cline,Alabama
D1923,Rebekah Turner,South Carolina
D1924,Jennifer Miller,Georgia
D1925,William Jones,Florida
D1926,Matthew Gross,Vermont
D1927,Lynn Jenkins,Massachusetts
D1928,Benjamin Beck,Connecticut
D1929,Darius Martin,Arkansas
D1930,Karen Kelly,New York
D1931,Joshua Morales,Florida
D1932,Kyle Lyons,Michigan
D1933,William Jones,Louisiana
D1934,Jessica Schaefer,California
D1935,Donna Gallagher,New York
D1936,Elizabeth Ashley,Colorado
D1937,Alan Ramos,Maryland
D1938,Victor Flores,Massachusetts
D1939,Jessica Schaefer,North Carolina
D1940,Rose Le,Texas
D1941,Rebecca Smith,Oregon
D1942,Richard Rogers,Texas
D1943,Erin Gomez,Kansas
D1944,Michael Atkins,South Carolina
D1945,Eileen Callahan,South Dakota
D1946,Brian Cline,Indiana
D1947,Lynn Jenkins,New Mexico
D1948,Karen Kelly,Virginia
D1949,Karen Kelly,Hawaii
D1950,Angela Brown,Montana
D1951,Karen Kelly,Arkansas
D1952,Amy Peterson,South Dakota
D1953,Michael Atkins,Mississippi
D1954,Raymond Macias,Texas
D1955,Ralph Dunn,Louisiana
D1956,Rose Le,Ohio
D1957,Angela Brown,Arizona
D1958,Melanie Pham,Arkansas
D1959,Pamela King,Massachusetts
D1960,Chris Johnson,Florida
D1961,Richard Rogers,Connecticut
D1962,Donald Allen,Texas
D1963,David Hernandez,Arizona
D1964,Victor Flores,Pennsylvania
D1965,Ralph Dunn,Oregon
D1966,Joshua Morales,Indiana
D1967,Darius Martin,Louisiana
D1968,Karen Kelly,Nebraska
D1969,Sharon Smith,Utah
D1970,Ralph Dunn,North Carolina
D1971,Dr. Diane Mccoy,West Virginia
D1972,Mary Simon,Missouri
D1973,Lori Jacobs,North Dakota
D1974,Meagan Taylor,Nevada
D1975,Brian Cline,Georgia
D1976,Alan Ramos,West Virginia
D1977,Rebecca Smith,Arizona
D1978,Nancy Mercado,Oregon
D1979,Christopher Scott,Georgia
D1980,Nancy Mercado,Wisconsin
D1981,Meagan Taylor,Arizona
D1982,Nancy Mercado,Washington
D1983,Jessica Schaefer,Mississippi
D1984,Ralph Dunn,Oklahoma
D1985,Victor Flores,California
D1986,Jill Jones,Delaware
D1987,Brian Cline,Delaware
D1988,Melanie Pham,New Mexico
D1989,Mary Simon,Maryland
D1990,Erik Howe,Oregon
D1991,Dr. Diane Mccoy,Alaska
D1992,Eileen Callahan,Texas
D1993,Dr. Diane Mccoy,Missouri
D1994,Samantha Cooper,Texas
D1995,Nancy Mercado,Connecticut
D1996,Kevin Chavez,Maine
D1997,Cheryl Flores,Vermont
D1998,Henry Brown,Oregon
D1999,Jennifer Miller,New York
D2000,Brian Cline,Mississippi
D2001,Amy Peterson,Wisconsin
D2002,Thomas Morrow,Oregon
D2003,Rebecca Smith,Minnesota
D2004,Karen Kelly,Minnesota
D2005,Brian Cline,North Dakota
D2006,Samantha Cooper,Utah
D2007,Rose Le,New Jersey
D2008,Rose Le,Hawaii
D2009,Timothy Wheeler,Iowa
D2010,Eileen Callahan,Massachusetts
D2011,Lori Jacobs,Arizona
D2012,Rose Le,Alaska
D2013,Chris Johnson,Tennessee
D2014,Lisa Ward,Maine
D2015,Dr. Diane Mccoy,Mississippi
D2016,Brian Cline,Utah
D2017,Rose Le,Kansas
D2018,Raymond Macias,Nevada
D2019,Ralph Dunn,West Virginia
D2020,Lynn Jenkins,Alabama
D2021,Jennifer Miller,Colorado
D2022,Mary Simon,Ohio
D2023,Sharon Smith,Georgia
D2024,Eileen Callahan,Pennsylvania
D2025,Kevin Chavez,Massachusetts
D2026,Amy Peterson,Delaware
D2027,Amy Peterson,Arkansas
D2028,Joshua Morales,Illinois
D2029,Kyle Lyons,Delaware
D2030,Henry Brown,Illinois
D2031,Brian Cline,New Jersey
D2032,Cheryl Flores,Texas
D2033,Henry Brown,Wisconsin
D2034,Lisa Ward,Arizona
D2035,Thomas Morrow,Idaho
D2036,Timothy Wheeler,Kentucky
D2037,Darius Martin,Pennsylvania
D2038,William Jones,Texas
D2039,Michael Atkins,Arizona
D2040,Robin Cantrell,North Dakota
D2041,Eileen Callahan,Georgia
D2042,Cheryl Flores,Oklahoma
D2043,Joshua Morales,Arkansas
D2044,Rose Le,Pennsylvania
D2045,Henry Brown,Mississippi
D2046,Mary Simon,Vermont
D2047,Victor Flores,Arkansas
D2048,Elizabeth Ashley,Michigan
D2049,Karen Kelly,New Jersey
D2050,Jessica Schaefer,Alaska
D2051,Raymond Macias,Illinois
D2052,Pamela King,Pennsylvania
D2053,Victor Flores,Maryland
D2054,Matthew Gross,Michigan
D2055,Kyle Lyons,Kansas
D2056,Mary Simon,Pennsylvania
D2057,Raymond Macias,Kansas
D2058,Jill Jones,Vermont
D2059,Raymond Macias,Oklahoma
D2060,Jennifer Miller,Illinois
D2061,Donald Allen,New Mexico
D2062,Christopher Scott,Oregon
D2063,Benjamin Beck,Alabama
D2064,Thomas Morrow,Alabama
D2065,Timothy Wheeler,New Hampshire
D2066,Jill Jones,Arizona
D2067,Ralph Dunn,Tennessee
D2068,Victor Flores,New Hampshire
D2069,Timothy Wheeler,Nevada
D2070,Erin Gomez,Virginia
D2071,Donald Allen,Illinois
D2072,Jessica Schaefer,Tennessee
D2073,Jessica Schaefer,Connecticut
D2074,David Mullen,Iowa
D2075,Meagan Taylor,Ohio
D2076,William Jones,Nevada
D2077,Jennifer Miller,New Hampshire
D2078,Kevin Chavez,Illinois
D2079,Elizabeth Ashley,Alabama
D2080,Meagan Taylor,New Mexico
D2081,Melanie Pham,Oregon
D2082,Timothy Wheeler,Washington
D2083,Jennifer Miller,Tennessee
D2084,Erin Gomez,North Carolina
D2085,Ralph Dunn,Arizona
D2086,Samantha Cooper,Alabama
D2087,Jennifer Miller,North Dakota
D2088,Henry Brown,Indiana
D2089,Lori Jacobs,Mississippi
D2090,Dr. Diane Mccoy,Wyoming
D2091,Richard Rogers,Wyoming
D2092,Amy Peterson,North Dakota
D2093,Elizabeth Ashley,Tennessee
D2094,Jill Jones,Connecticut
D2095,David Hernandez,South Dakota
D2096,Angela Brown,Missouri
D2097,Melanie Pham,Arizona
D2098,Rose Le,North Dakota
D2099,Robin Cantrell,Louisiana
D2100,Eileen Callahan,Indiana
D2101,Robin Cantrell,Georgia
D2102,Erik Howe,Arizona
D2103,Chris Johnson,Rhode Island
D2104,Jennifer Miller,Virginia
D2105,Darius Martin,Virginia
D2106,Donna Gallagher,South Dakota
D2107,Richard Rogers,Arizona
D2108,Jill Jones,Colorado
D2109,David Hernandez,Montana
D2110,Lisa Ward,Michigan
D2111,Chad Turner,Massachusetts
D2112,Pamela King,South Dakota
D2113,Elizabeth Ashley,Washington
D2114,Lisa Ward,New Jersey
D2115,Thomas Morrow,Missouri
D2116,Dr. Diane Mccoy,South Dakota
D2117,Samantha Cooper,New York
D2118,Benjamin Beck,Nebraska
D2119,Lori Jacobs,Alaska
D2120,Donald Allen,Oregon
D2121,Kyle Lyons,Mississippi
D2122,Angela Brown,Massachusetts
D2123,Amy Peterson,New York
D2124,Rebecca Smith,New Hampshire
D2125,Henry Brown,Oklahoma
D2126,Lori Jacobs,Louisiana
D2127,Amy Peterson,Oregon
D2128,Eileen Callahan,Oregon
D2129,Ralph Dunn,Kentucky
D2130,Jill Jones,Missouri
D2131,Henry Brown,Nevada
D2132,Christopher Scott,Indiana
D2133,Mary Simon,Indiana
D2134,Raymond Macias,Missouri
D2135,Nancy Mercado,Ohio
D2136,Cheryl Flores,Maryland
D2137,Donna Gallagher,Maine
D2138,Robin Cantrell,Mississippi
D2139,Sharon Smith,Florida
D2140,Kevin Chavez,New Jersey
D2141,Timothy Wheeler,Louisiana
D2142,Darius Martin,Mississippi
D2143,Jill Jones,Oklahoma
D2144,Raymond Macias,Colorado
D2145,Timothy Wheeler,North Dakota
D2146,Lori Jacobs,Illinois
D2147,Samantha Cooper,Nevada
D2148,Rebekah Turner,Louisiana
D2149,Erik Howe,Minnesota
D2150,Timothy Wheeler,Michigan
D2151,Amy Peterson,Missouri
D2152,Darius Martin,Michigan
D2153,Pamela King,Kansas
D2154,Angela Brown,New Hampshire
D2155,Ralph Dunn,New Jersey
D2156,Jill Jones,Massachusetts
D2157,David Mullen,Georgia
D2158,Kyle Lyons,Utah
D2159,Robin Cantrell,North Carolina
D2160,Lori Jacobs,Massachusetts
D2161,Erin Gomez,Utah
D2162,Richard Rogers,Delaware
D2163,Sharon Smith,Connecticut
D2164,David Hernandez,Vermont
D2165,Amy Peterson,Montana
D2166,Brian Cline,Connecticut
D2167,David Mullen,Michigan
D2168,Victor Flores,South Carolina
D2169,Mary Simon,Iowa
D2170,Brian Cline,Hawaii
D2171,Chris Johnson,Montana
D2172,Benjamin Beck,Delaware
D2173,Richard Rogers,Minnesota
D2174,Nancy Mercado,California
D2175,Rose Le,Connecticut
D2176,Pamela King,North Dakota
D2177,Jessica Schaefer,Wyoming
D2178,Erik Howe,Iowa
D2179,Pamela King,Tennessee
D2180,Sharon Smith,Vermont
D2181,Jill Jones,Washington
D2182,Cheryl Flores,Minnesota
D2183,Erik Howe,Massachusetts
D2184,Rose Le,Wyoming
D2185,Donald Allen,Kansas
D2186,William Jones,Oregon
D2187,Darius Martin,Maryland
D2188,Lynn Jenkins,Ohio
D2189,Nancy Mercado,South Carolina
D2190,Jessica Schaefer,Maryland
D2191,Donald Allen,Ohio
D2192,Alan Ramos,New Mexico
D2193,Pamela King,California
D2194,Dr. Diane Mccoy,Hawaii
D2195,Lori Jacobs,Utah
D2196,Lori Jacobs,Montana
D2197,Michael Atkins,Georgia
D2198,Kevin Chavez,North Dakota
D2199,William Jones,North Dakota
D2200,Jessica Schaefer,Arizona
D2201,Darius Martin,Minnesota
D2202,Ralph Dunn,Minnesota
D2203,Jill Jones,Pennsylvania
D2204,Rebekah Turner,Mississippi
D2205,Lisa Ward,California
D2206,Michael Atkins,Washington
D2207,Nancy Mercado,Georgia
D2208,Timothy Wheeler,Oregon
D2209,Robin Cantrell,Nebraska
D2210,David Mullen,Arkansas
D2211,Thomas Morrow,Arizona
D2212,Lynn Jenkins,Arizona
D2213,Meagan Taylor,Colorado
D2214,Rebecca Smith,Colorado
D2215,Meagan Taylor,Alaska
D2216,Erik Howe,Hawaii
D2217,Kyle Lyons,Wyoming
D2218,Richard Rogers,Maine
D2219,Amy Peterson,Tennessee
D2220,David Hernandez,Wyoming
D2221,Donald Allen,Wisconsin
D2222,Jessica Schaefer,Alabama
D2223,Melanie Pham,Texas
D2224,Christopher Scott,Florida
D2225,Eileen Callahan,Mississippi
D2226,Elizabeth Ashley,Pennsylvania
D2227,Rose Le,Iowa
D2228,Christopher Scott,South Carolina
D2229,Lisa Ward,South Carolina
D2230,Kevin Chavez,Florida
D2231,William Jones,Illinois
D2232,Raymond Macias,North Carolina
D2233,David Mullen,Illinois
D2234,Raymond Macias,Kentucky
D2235,Lynn Jenkins,New Jersey
D2236,Angela Brown,Connecticut
D2237,Donna Gallagher,West Virginia
D2238,Melanie Pham,Connecticut
D2239,Donald Allen,Louisiana
D2240,Christopher Scott,North Dakota
D2241,Alan Ramos,South Dakota
D2242,Joshua Morales,Maine
D2243,Rebekah Turner,Alabama
D2244,Erin Gomez,Georgia
D2245,Elizabeth Ashley,North Carolina
D2246,Benjamin Beck,New York
D2247,Rebecca Smith,Montana
D2248,Lynn Jenkins,California
D2249,Rebecca Smith,Massachusetts
D2250,Melanie Pham,Hawaii
D2251,Rebecca Smith,Hawaii
D2252,Chad Turner,North Carolina
D2253,Rebekah Turner,New York
D2254,Michael Atkins,Missouri
D2255,Alan Ramos,Nebraska
D2256,Cheryl Flores,Ohio
D2257,Mary Simon,Kentucky
D2258,Mary Simon,Arkansas
D2259,David Hernandez,Texas
D2260,Erik Howe,South Dakota
D2261,Christopher Scott,Minnesota
D2262,Rebekah Turner,Indiana
D2263,Jessica Schaefer,Massachusetts
D2264,Richard Rogers,Nevada
D2265,Angela Brown,Rhode Island
D2266,Sharon Smith,Louisiana
D2267,Jennifer Miller,Nevada
D2268,Benjamin Beck,Pennsylvania
D2269,Jennifer Miller,Utah
D2270,Jessica Schaefer,Pennsylvania
D2271,Victor Flores,Texas
D2272,Rebekah Turner,Delaware
D2273,Joshua Morales,New Jersey
D2274,Kyle Lyons,Nebraska
D2275,Chad Turner,Virginia
D2276,Henry Brown,Wyoming
D2277,Donald Allen,Maryland
D2278,Erin Gomez,Washington
D2279,Pamela King,Mississippi
D2280,Pamela King,Oklahoma
D2281,Richard Rogers,Alaska
D2282,Jennifer Miller,Indiana
D2283,Darius Martin,Oregon
D2284,Jessica Schaefer,Montana
D2285,Christopher Scott,New Mexico
D2286,William Jones,Kansas
D2287,Angela Brown,Washington
D2288,Darius Martin,Oklahoma
D2289,Eileen Callahan,Kansas
D2290,Chris Johnson,Connecticut
D2291,William Jones,Georgia
D2292,Kyle Lyons,Indiana
D2293,Richard Rogers,Virginia
D2294,Thomas Morrow,Indiana
D2295,David Hernandez,Washington
D2296,Angela Brown,Hawaii
D2297,Timothy Wheeler,Mississippi
D2298,Robin Cantrell,Oklahoma
D2299,Rebecca Smith,Missouri
D2300,Richard Rogers,Louisiana
D2301,Donna Gallagher,Nebraska
D2302,Timothy Wheeler,Indiana
D2303,Robin Cantrell,Minnesota
D2304,Eileen Callahan,Colorado
D2305,Lynn Jenkins,Wisconsin
D2306,David Hernandez,Tennessee
D2307,Pamela King,North Carolina
D2308,Lynn Jenkins,Nevada
D2309,Samantha Cooper,Oregon
D2310,Kyle Lyons,Rhode Island
D2311,William Jones,Massachusetts
D2312,Sharon Smith,Indiana
D2313,Eileen Callahan,Arizona
D2314,Erin Gomez,Oregon
D2315,Victor Flores,Oregon
D2316,Lynn Jenkins,Utah
D2317,Jennifer Miller,Minnesota
D2318,Richard Rogers,Mississippi
D2319,David Hernandez,Florida
D2320,Brian Cline,South Carolina
D2321,Lynn Jenkins,Idaho
D2322,Sharon Smith,Delaware
D2323,Donna Gallagher,Maryland
D2324,Matthew Gross,Washington
D2325,Erik Howe,Missouri
D2326,Thomas Morrow,Louisiana
D2327,Ralph Dunn,Georgia
D2328,Samantha Cooper,California
D2329,Sharon Smith,West Virginia
D2330,Brian Cline,West Virginia
D2331,Chris Johnson,Oregon
D2332,Meagan Taylor,Montana
D2333,Chad Turner,Florida
D2334,Angela Brown,Georgia
D2335,Cheryl Flores,Michigan
D2336,Chris Johnson,Iowa
D2337,Angela Brown,Michigan
D2338,David Hernandez,Ohio
D2339,Benjamin Beck,Missouri
D2340,Angela Brown,Indiana
D2341,Cheryl Flores,Idaho
D2342,Cheryl Flores,Maine
D2343,Chris Johnson,Mississippi
D2344,Erik Howe,Vermont
D2345,Chad Turner,South Carolina
D2346,Darius Martin,Alabama
D2347,Erin Gomez,Tennessee
D2348,Darius Martin,Wyoming
D2349,Timothy Wheeler,Rhode Island
D2350,Meagan Taylor,Missouri
D2351,Richard Rogers,Iowa
D2352,Benjamin Beck,New Jersey
D2353,Erik Howe,Maryland
D2354,Rebekah Turner,Virginia
D2355,Matthew Gross,Arkansas
D2356,Karen Kelly,Illinois
D2357,Erik Howe,New Hampshire
D2358,Jessica Schaefer,Illinois
D2359,Benjamin Beck,Montana
D2360,Rose Le,New York
D2361,Thomas Morrow,Maryland
D2362,Angela Brown,West Virginia
D2363,Henry Brown,Texas
D2364,Elizabeth Ashley,New Hampshire
D2365,Rebecca Smith,New York
D2366,Timothy Wheeler,Alabama
D2367,Benjamin Beck,Kansas
D2368,David Hernandez,New Jersey
D2369,Henry Brown,North Carolina
D2370,Christopher Scott,South Dakota
D2371,Kevin Chavez,California
D2372,Mary Simon,North Dakota
D2373,Michael Atkins,Connecticut
D2374,Erik Howe,Louisiana
D2375,Jill Jones,Utah
D2376,Sharon Smith,Idaho
D2377,Henry Brown,Virginia
D2378,Mary Simon,Virginia
D2379,Karen Kelly,Nevada
D2380,Jill Jones,Virginia
D2381,Benjamin Beck,Oregon
D2382,Benjamin Beck,Massachusetts
D2383,Lynn Jenkins,Pennsylvania
D2384,Kyle Lyons,Louisiana
D2385,Nancy Mercado,Alaska
D2386,Michael Atkins,North Carolina
D2387,William Jones,Maine
D2388,Richard Rogers,Indiana
D2389,Donna Gallagher,Arkansas
D2390,Alan Ramos,Missouri
D2391,Melanie Pham,Ohio
D2392,Donna Gallagher,Rhode Island
D2393,Mary Simon,Louisiana
D2394,Jessica Schaefer,Washington
D2395,David Hernandez,Indiana
D2396,Rebecca Smith,Alabama
D2397,Elizabeth Ashley,Montana
D2398,Chad Turner,New Hampshire
D2399,Jessica Schaefer,Michigan
D2400,Angela Brown,Pennsylvania
D2401,Timothy Wheeler,Vermont
D2402,Lori Jacobs,Missouri
D2403,Pamela King,Georgia
D2404,Mary Simon,South Dakota
D2405,Lynn Jenkins,Maryland
D2406,Timothy Wheeler,Wisconsin
D2407,David Mullen,New Hampshire
D2408,Donna Gallagher,Colorado
D2409,Alan Ramos,New Jersey
D2410,Benjamin Beck,Wyoming
D2411,Benjamin Beck,California
D2412,Donna Gallagher,Ohio
D2413,Rose Le,Montana
D2414,Lisa Ward,Alaska
D2415,Timothy Wheeler,Ohio
D2416,Joshua Morales,Michigan
D2417,Kyle Lyons,Oklahoma
D2418,Elizabeth Ashley,Iowa
D2419,Matthew Gross,California
D2420,Chris Johnson,Minnesota
D2421,Dr. Diane Mccoy,California
D2422,Lisa Ward,New Mexico
D2423,Lisa Ward,Oregon
D2424,Ralph Dunn,Rhode Island
D2425,Erin Gomez,Louisiana
D2426,Darius Martin,Hawaii
D2427,Victor Flores,Illinois
D2428,William Jones,Utah
D2429,Alan Ramos,Vermont
D2430,Karen Kelly,Indiana
D2431,Karen Kelly,Pennsylvania
D2432,Alan Ramos,Massachusetts
D2433,Erik Howe,South Carolina
D2434,Raymond Macias,Massachusetts
D2435,Dr. Diane Mccoy,Kansas
D2436,Kevin Chavez,New Hampshire
D2437,Timothy Wheeler,Oklahoma
D2438,Raymond Macias,Ohio
D2439,Mary Simon,New York
D2440,Thomas Morrow,Iowa
D2441,Benjamin Beck,Arkansas
D2442,Darius Martin,New York
D2443,Darius Martin,Florida
D2444,Elizabeth Ashley,Massachusetts
D2445,Benjamin Beck,North Carolina
D2446,Joshua Morales,Missouri
D2447,Pamela King,Hawaii
D2448,Elizabeth Ashley,Kansas
D2449,Jennifer Miller,Rhode Island
D2450,Amy Peterson,Rhode Island
D2451,Chris Johnson,North Carolina
D2452,Pamela King,Montana
D2453,Jessica Schaefer,New Jersey
D2454,Nancy Mercado,New Mexico
D2455,Meagan Taylor,Nebraska
D2456,Eileen Callahan,North Dakota
D2457,Jill Jones,Louisiana
D2458,Victor Flores,Washington
D2459,Michael Atkins,Idaho
D2460,Kyle Lyons,Kentucky
D2461,Angela Brown,Tennessee
D2462,Angela Brown,New Jersey
D2463,David Hernandez,New Mexico
D2464,Richard Rogers,North Carolina
D2465,Erik Howe,Pennsylvania
D2466,Pamela King,West Virginia
D2467,Donna Gallagher,Texas
D2468,Pamela King,Maryland
D2469,Joshua Morales,Idaho
D2470,Chad Turner,Texas
D2471,Robin Cantrell,Florida
D2472,Jennifer Miller,Wisconsin
D2473,Kevin Chavez,Nevada
D2474,Matthew Gross,Missouri
D2475,Mary Simon,Massachusetts
D2476,Richard Rogers,Missouri
D2477,Alan Ramos,Wisconsin
D2478,Karen Kelly,Rhode Island
D2479,Joshua Morales,Virginia
D2480,Thomas Morrow,South Dakota
D2481,Pamela King,Alaska
D2482,Erin Gomez,West Virginia
D2483,David Hernandez,Michigan
D2484,Lori Jacobs,Tennessee
D2485,Sharon Smith,California
D2486,Cheryl Flores,Nevada
D2487,Samantha Cooper,Montana
D2488,Henry Brown,Pennsylvania
D2489,Sharon Smith,Arkansas
D2490,Cheryl Flores,Oregon
D2491,Angela Brown,North Carolina
D2492,Benjamin Beck,Wisconsin
D2493,David Mullen,Virginia
D2494,William Jones,West Virginia
D2495,Kevin Chavez,Ohio
D2496,Rebekah Turner,Nevada
D2497,Meagan Taylor,New Jersey
D2498,Lori Jacobs,Maryland
D2499,Donald Allen,Hawaii
D2500,Jessica Schaefer,South Carolina
